AccelX, AccelY, AccelZ, GyroX, GyroY, GyroZ, MagX, MagY, MagZ
1944,160,4287,-486,637,-323,-54,-19,-221
345,1857,3826,46,-19,11,61,-58,-365
623,2136,5397,211,-421,361,55,-62,-363
1692,2170,5314,856,-424,107,47,-53,-361
2251,2396,3711,978,930,-552,32,-72,-369
776,1382,2329,480,722,-1236,65,-124,-386
-324,1173,1276,-629,808,-1597,128,-138,-381
-2935,919,1837,-1437,420,-1121,208,-83,-383
-4319,-65,3849,-2138,-11,908,259,-20,-365
-972,-530,7031,-514,-1718,1884,272,58,-304
3464,1152,5919,1247,323,219,220,76,-278
1222,932,2851,1048,651,-1568,187,39,-294
-1622,457,2255,-169,606,-2029,236,28,-312
-3366,21,1946,-1198,220,-1105,300,61,-308
-3221,-707,2435,-1803,1418,-470,346,123,-286
-2173,-3058,4699,-4374,5539,2500,418,168,-167
-6178,-2633,2690,-2712,1276,834,506,103,144
-4647,-2015,4160,-493,-4178,2448,366,-106,284
-1743,-542,3719,1187,-3212,1073,201,-93,118
-714,-390,3905,827,-896,1004,164,-36,-76
,,,,,,,,
-696,468,2911,557,397,616,191,-23,-163
408,1125,3670,73,0,-142,113,10,-400
3018,524,4894,933,-1019,146,69,11,-416
3316,564,4595,1194,-14,-381,61,4,-423
2678,743,3222,1271,1743,-886,36,-19,-439
481,718,608,164,1543,-1540,92,-86,-452
-1847,712,682,-1069,562,-1770,197,-90,-441
-4940,52,2044,-2464,-144,-451,278,-20,-417
-817,-2027,7328,-2117,-2910,1501,290,95,-375
4924,118,6581,1928,-548,-1266,217,122,-320
1483,-145,3635,408,1972,-705,163,100,-327
-1536,255,2113,-263,791,-1474,232,93,-326
-2640,-344,2438,-1054,372,-1264,298,117,-325
-3061,-808,2820,-1724,9,-1006,344,175,-278
-2531,-2599,4738,-1554,-344,328,389,217,-212
-2027,-2534,3817,-1474,-1264,613,446,174,-133
-790,-2811,4787,-64,-1225,1198,506,61,-73
-491,-2709,4674,1008,-836,1260,407,-130,47
59,-1627,3344,1057,-307,955,152,-77,48
446,-871,3103,671,-196,326,82,30,-55
,,,,,,,,
-103,-946,3538,323,77,71,80,61,-124
270,1022,3939,18,-42,8,91,55,-418
2713,369,4544,896,862,-229,43,64,-424
2614,179,3905,1081,1375,-430,39,55,-434
2013,352,1873,1274,1549,-1206,60,24,-450
-704,1567,401,-19,1424,-1714,158,-35,-445
-4563,780,1509,-1580,-35,-1159,267,-21,-417
-5169,209,2859,-2022,-822,614,308,64,-383
-684,-697,6369,-1298,-1235,1347,296,136,-336
3256,-309,5766,359,368,-4,229,157,-275
734,-422,3407,603,976,-1123,204,157,-259
-1046,-522,2612,79,937,-1752,248,164,-263
-3490,-558,1388,-895,717,-1529,320,198,-254
-3251,-1532,2253,-2124,-568,-759,377,265,-225
-2705,-3647,4777,-1690,-636,354,440,286,-168
-1799,-3142,4624,-622,-781,1270,573,255,-156
-1016,-3179,4336,0,-804,1593,661,-16,-17
-488,-2776,3994,965,-408,1320,345,-178,147
124,-1554,2771,1236,-245,749,137,-24,94
-225,-1079,2463,282,28,131,121,67,-30
,,,,,,,,
-1498,-1467,3965,643,183,-59,135,84,-82
388,1133,3933,0,0,-23,77,36,-411
2874,802,4850,897,252,-209,36,40,-420
2591,580,4162,1005,755,-382,24,30,-430
2550,447,1941,1094,1106,-1289,24,-2,-447
624,906,388,-104,1602,-2067,104,-59,-459
-2899,786,800,-1466,1026,-1912,218,-26,-425
-7045,-1114,2238,-2647,-291,436,302,75,-378
-1611,-1312,6420,-1682,-1901,1473,322,160,-313
3199,-863,7285,215,-268,790,277,175,-223
1557,-910,3910,838,1379,-843,235,151,-194
-824,-302,1830,551,1289,-1911,281,154,-206
-3032,-732,1704,-831,735,-2149,350,183,-218
-4481,-2168,1363,-1990,356,-1270,406,261,-188
-3991,-2904,3036,-1713,-1242,-307,467,323,-119
-2104,-3514,4614,-1254,-1379,1531,561,329,-70
-909,-3524,4540,-680,-1125,2024,654,-34,61
-466,-3666,4415,2212,-67,1751,302,-300,148
-899,-1230,2226,1606,406,1236,137,-30,14
-1301,142,2270,340,-417,250,195,18,-89
,,,,,,,,
-1845,-386,3687,293,-224,-61,223,23,-135
531,684,4003,-16,4,3,50,95,-408
1439,640,5162,431,-924,543,30,94,-409
2530,450,4732,684,-313,732,21,96,-411
3118,95,4025,913,726,-560,-3,88,-422
1967,172,1109,920,1982,-1915,21,51,-445
-2127,1006,464,-504,1589,-1746,131,11,-437
-3345,273,2292,-2085,239,-399,247,38,-400
-4887,-520,1754,-2919,-702,1158,287,140,-331
1336,-1688,7990,-164,-815,502,264,188,-236
1308,-1220,4822,1014,837,-644,228,182,-203
-17,-713,2768,1152,1296,-1477,257,178,-211
-2648,-182,862,-175,1196,-2029,334,196,-223
-3555,-1597,1056,-1509,-45,-1802,381,247,-194
-2665,-2534,2387,-2332,-434,-1249,415,323,-135
-3838,-4576,3117,-1628,-1921,-70,482,356,-43
-1650,-4081,3779,-214,-1685,1257,646,333,29
-973,-4095,4123,666,-1218,1665,620,-136,145
-650,-3163,3183,1424,-577,1750,212,-157,131
-202,-1359,2619,1476,-175,1072,128,27,-12
,,,,,,,,
-857,-663,2166,565,185,494,177,89,-114
1195,753,3805,6,-13,-16,-16,86,-416
4295,313,3460,686,1494,-898,-70,81,-405
2754,-11,2470,844,1713,-1150,-68,69,-425
1582,33,1035,915,1956,-1439,-40,43,-443
-1383,1460,545,-628,1644,-1581,70,-4,-464
-3561,84,2224,-2310,-220,-526,186,25,-446
-3728,-1130,4744,-2234,-40,997,235,137,-398
362,-2060,6938,-969,-1904,1533,263,212,-308
3362,-1731,6270,648,-130,367,221,197,-235
1822,-1051,3461,1152,584,-974,189,182,-238
-279,29,1433,341,1370,-1796,209,169,-287
-2159,-219,1135,-970,957,-1866,265,189,-304
-3270,-1845,2117,-1983,839,-1229,320,258,-275
-7048,-2053,-2002,-3458,486,1945,407,340,-193
-1558,-2964,4835,-749,-1382,926,505,333,-183
-1033,-2395,4002,-360,-862,1262,707,194,-184
-664,-3845,4708,530,-372,1431,629,-242,47
-508,-2430,3511,1259,-124,1132,310,-291,182
-971,-1382,2874,1120,-240,662,122,-42,66
,,,,,,,,
-1073,-502,2730,896,-119,413,144,30,-44
1228,649,3784,-41,-10,-13,-9,93,-418
3439,20,4251,880,876,-262,-33,85,-421
2949,113,3416,1012,1190,-702,-38,76,-431
1844,572,1301,1029,1604,-1244,-28,52,-451
38,1506,750,-14,1572,-1552,71,-14,-465
-3903,1272,332,-1830,1966,-783,192,-6,-439
-4182,-302,3462,-2046,631,-261,281,71,-386
-3184,-985,5161,-1805,72,708,329,175,-264
637,-2568,7635,-141,-1345,512,320,196,-133
1315,-1417,4559,1044,767,-507,267,191,-93
-226,-759,2498,1028,739,-1375,284,196,-128
-1735,-347,1358,72,661,-1984,333,208,-171
-3458,-1473,1449,-1227,746,-1860,377,263,-186
-4645,-2692,1906,-1896,445,-945,420,337,-142
-3737,-3609,3059,-1831,-1492,350,496,379,-50
-2465,-3400,3191,-935,-1188,1852,645,398,-78
-1682,-3465,3943,768,-1246,1975,764,-105,98
-1564,-2773,4294,1225,-496,1787,331,-289,187
-818,-1583,3389,1440,-307,1111,155,-31,40
,,,,,,,,
-1115,-120,1904,832,133,592,195,19,-57
1068,602,3774,-1,6,-19,1,83,-428
3874,-126,5100,936,-364,-85,-21,78,-419
3559,65,4379,1098,519,-172,-31,76,-422
3083,160,2783,1420,1512,-851,-50,50,-446
1363,991,402,573,1856,-2012,15,-36,-462
-1940,1536,808,-995,919,-1723,131,-71,-457
-2995,381,2750,-1906,568,-612,218,-16,-435
-3590,-893,5169,-2282,53,826,277,96,-373
27,-1133,6513,-648,-1011,1072,286,159,-297
2446,-993,5734,420,83,14,250,158,-248
832,-731,3551,997,944,-1167,244,150,-248
-1305,-245,1996,156,1051,-1782,287,155,-272
-2578,-492,1542,-1120,524,-1790,333,185,-279
-2868,-1961,2469,-1851,664,-1326,371,257,-240
-1604,-4631,7962,-2302,495,441,433,320,-157
-2617,-3430,3428,-1252,-1131,974,529,339,-129
-1382,-3489,3809,-452,-1543,1473,752,328,-184
-409,-3322,4230,759,-1142,1561,805,-259,26
-483,-2858,4315,1386,-433,1350,283,-445,209
,,,,,,,,
-635,-2042,3923,1506,-38,809,57,-74,66
483,1114,3974,-34,-96,-50,75,-6,-428
4699,1023,3525,1166,1491,-599,0,-24,-442
4107,886,2373,1192,2140,-976,-5,-34,-447
2303,314,-125,502,1938,-2387,33,-88,-457
-3253,102,-295,-1202,580,-2803,169,-102,-448
-5932,-453,3502,-2287,-14,-2,265,0,-426
-2810,-502,7775,-596,-2156,1733,298,116,-345
4058,243,6177,857,1315,133,261,113,-301
1488,100,2613,921,610,-1726,261,78,-291
-1998,-230,-7,-1010,789,-2807,308,72,-308
-4560,-2823,1404,-2498,657,-2404,367,175,-283
-4507,-3838,3297,-1261,3329,-1808,429,310,-157
-2939,-2966,3090,-1404,-2462,1052,542,296,-54
-584,-3683,5656,1034,-1522,2392,727,-68,70
-225,-3146,5196,1618,-769,1972,313,-435,286
926,-563,2525,1405,-26,796,-24,-82,19
-408,39,2651,463,88,61,46,-15,-107
-1819,-662,3313,-52,13,298,94,-1,-150
-2169,-2625,3736,435,-489,1905,109,-15,-167
,,,,,,,,
685,-128,2146,3005,-3558,24,113,-72,-228
2045,1184,3436,-63,-50,-9,-118,-39,-393
4093,769,4112,472,-425,-148,-152,-21,-384
4176,672,3747,689,82,-325,-176,-19,-381
4010,1044,2118,608,964,-959,-197,-36,-397
2169,662,812,107,1858,-1387,-177,-86,-428
-149,1010,1321,-226,1097,-1154,-76,-132,-470
-1770,1420,1992,-969,559,-875,24,-138,-487
-3030,959,4204,-1493,60,342,94,-83,-485
42,135,7460,-843,-782,1585,133,-5,-452
5281,278,5846,552,-807,97,116,46,-403
2479,560,3140,386,801,-984,74,44,-385
910,482,2932,-69,438,-1514,105,28,-394
-1328,265,2127,-725,729,-1576,139,32,-411
-1743,219,1667,-1698,20,-1402,195,90,-402
-1064,-1654,4180,-2249,272,-930,241,201,-346
-2544,-2222,3509,-2042,684,-297,322,271,-241
-1757,-2785,3415,-1424,-618,964,461,227,-193
-653,-3729,4220,-611,-1207,1423,638,65,-346
21,-3444,4571,760,-1174,1777,778,-272,-210
,,,,,,,,
630,-3043,4591,1414,-587,1371,433,-531,203
1011,1140,3837,6,-19,-17,8,-34,-390
3448,599,4651,1024,-318,121,-17,-39,-393
3288,651,3764,1100,388,-125,-33,-50,-401
3393,1043,1841,1044,999,-980,-55,-96,-417
1213,1505,403,-150,1536,-1810,-7,-159,-437
-2063,576,1742,-1349,918,-1878,110,-154,-439
-4226,360,3332,-1648,922,-622,207,-67,-413
-4812,735,3971,-1782,-239,837,274,30,-340
729,-742,6254,-632,-995,1359,268,63,-274
2895,-220,5290,648,84,-106,210,60,-242
775,-286,3392,670,653,-1174,191,54,-249
-908,-87,2355,153,766,-1635,221,50,-266
-2568,-76,1178,-1245,803,-1882,281,73,-275
-2996,-1778,2626,-2467,548,-979,344,149,-230
-1223,-5129,8224,-2508,1048,425,423,189,-104
-2893,-2758,3251,-920,-196,472,567,120,-112
-2114,-2819,3290,-395,-1154,931,758,50,-152
-1527,-2957,3551,110,-1045,1069,791,-288,53
-1064,-2783,3917,713,-604,1177,364,-522,276
,,,,,,,,
-794,-2268,3900,1176,-499,1024,-3,-259,219
1588,1539,3436,-127,102,37,-79,-111,-396
3152,-303,3252,295,1481,-1038,-36,-20,-434
2372,-419,2239,679,1347,-2067,-29,-20,-439
689,-217,803,1110,1732,-2041,21,-27,-474
-439,411,1332,137,401,-2013,118,-61,-479
-3324,766,1366,-1560,363,-1698,187,-48,-465
-6296,-1121,3919,-2112,723,85,240,50,-430
-3512,-1062,6908,-910,-1950,2264,296,140,-331
5328,-1112,7826,1042,31,409,271,108,-270
2252,-283,2477,1631,721,-1963,229,62,-284
-2329,-235,-114,-492,1048,-3181,278,52,-307
-5393,-1948,1053,-2171,840,-1608,349,146,-288
-3593,-2948,3473,-2370,-792,-623,413,249,-162
-2683,-4111,4571,-2014,-1491,1208,523,216,-83
-1186,-3795,4702,-252,-1900,1719,672,-90,30
-337,-3655,4776,1103,-877,1483,272,-435,196
115,-1645,2443,1323,-93,1001,7,-132,76
-365,-617,1965,422,76,239,51,-16,-39
-1562,-1183,3109,-36,-11,-156,88,15,-82
,,,,,,,,
-1187,-1929,6198,1434,-709,734,104,-10,-89
694,605,4035,29,60,11,38,4,-399
2425,653,4755,859,-241,1,12,-7,-405
2695,653,4287,1057,209,-75,-6,-12,-414
2193,879,2969,923,786,-526,-18,-31,-424
1291,773,970,92,1560,-1544,17,-76,-446
-2128,995,1167,-948,1330,-1584,104,-97,-444
-4748,237,3493,-1396,59,-418,195,-46,-413
-951,133,4282,-874,-1201,1496,236,31,-373
3765,332,5836,197,110,141,188,62,-349
1065,93,3514,377,1237,-1084,159,63,-346
-784,-62,2236,-209,1005,-1583,209,67,-336
-831,165,1072,-1608,1260,-2348,272,102,-309
-2250,-2294,2070,-2072,1321,-1580,335,228,-204
-4517,-3659,2223,-2065,-43,-412,400,288,-46
-3788,-4751,4822,-1069,-294,1754,534,179,36
-2275,-3170,2982,-124,-1283,2282,617,-72,47
-714,-2838,3760,-311,-499,1673,326,-252,163
-559,-1842,3416,520,415,492,87,-155,142
-2261,-2054,2405,351,259,343,91,-111,112
,,,,,,,,
-3119,-2159,1883,116,-194,682,122,-110,95
573,1057,3940,5,-13,42,49,0,-407
3041,911,2962,703,1228,-244,5,-23,-422
2911,797,2724,674,1432,-621,0,-50,-433
1664,928,1470,358,1627,-1377,52,-86,-438
-3121,943,487,-1210,1885,-1530,157,-97,-432
-2932,554,3472,-1521,-216,-279,268,-18,-387
-2550,30,5079,-1520,-1757,648,290,65,-334
2494,-1014,7035,38,-791,424,249,102,-272
1530,-305,4308,668,882,-707,216,94,-258
-572,-205,2231,239,879,-1476,237,91,-250
-1763,-651,2283,-521,285,-1629,294,107,-256
-2660,-1049,2631,-1413,32,-1096,337,154,-228
-3509,-1789,3555,-1765,-519,-388,391,185,-164
-2595,-2582,4406,-1502,-528,694,485,130,-138
-1516,-3034,4703,-533,-1432,1294,632,15,-228
-465,-2997,4862,668,-796,1365,632,-290,-56
-170,-2507,4267,1346,-526,1228,260,-351,157
471,-1234,2781,1156,-369,816,73,-69,63
-153,-716,2195,208,132,186,92,-5,-54
,,,,,,,,
-1061,-1527,3098,23,393,275,110,-10,-84
319,1093,4020,16,-46,-11,101,-10,-415
2531,732,3619,1042,621,-142,61,-30,-431
2464,883,2852,1054,858,-580,55,-38,-432
1741,1167,1081,450,1266,-1248,62,-87,-439
-1894,1019,647,-1149,1447,-1835,137,-111,-438
-4040,256,2215,-1714,649,-393,244,-45,-403
-3110,-402,4957,-2219,193,1319,288,56,-340
511,-798,6900,-417,-1246,1086,266,108,-256
2355,-467,5646,518,500,-157,224,102,-220
466,-517,3157,847,1151,-1165,217,94,-224
-1908,-5,1341,-244,940,-1894,276,93,-241
-2705,-567,1990,-1119,216,-1404,343,140,-213
-3437,-1397,2883,-1531,326,-855,381,180,-165
-3126,-2286,3745,-1365,-590,-22,461,190,-105
-2249,-2649,4104,-1010,-873,674,578,112,-144
-1758,-3006,4208,-375,-1277,1189,723,9,-197
-989,-2707,4446,483,-805,1354,682,-290,-17
-668,-2551,4556,1376,-467,1460,323,-356,175
-817,-1244,3117,1209,-341,939,121,-118,71
,,,,,,,,
-478,-430,3241,1283,-3,516,128,-37,-56
698,1225,3765,23,-21,-9,53,-55,-412
3895,1034,3445,1384,-199,-128,12,-67,-420
3503,894,2616,1202,593,-700,-8,-85,-426
2906,610,1415,740,1074,-1905,-15,-124,-433
-796,1129,520,-1097,1057,-2425,62,-168,-429
-3985,-126,3019,-2166,133,-955,174,-110,-419
-4958,203,5288,-1530,393,866,240,23,-378
2410,-167,6895,-200,-1045,1172,262,89,-292
2414,-70,5127,655,338,-429,227,76,-245
413,45,2742,557,631,-1677,227,55,-235
-1846,-504,2121,-929,1066,-2362,273,74,-238
-4678,-1813,1863,-2458,1461,-1396,346,142,-204
-2791,-3985,5686,-2196,-340,88,440,209,-99
-3070,-3323,4195,-1081,-1389,1176,570,165,-102
-966,-3063,4826,-211,-1244,1644,731,-37,-62
-763,-2824,4213,363,-756,1502,451,-379,145
-285,-2482,4004,1066,-355,1304,55,-253,184
-713,-1057,2748,841,-401,729,18,-81,25
-923,-902,4102,539,-168,404,64,-42,-33
,,,,,,,,
-1142,-385,6248,1778,-18,562,97,-39,-95
592,1459,3814,11,-6,-37,65,-83,-374
2902,927,5218,715,-827,127,54,-76,-379
3664,882,4476,1051,-313,-382,26,-76,-382
2884,635,2812,1156,772,-1079,-3,-98,-397
629,1204,332,119,1144,-1757,28,-157,-410
-3142,1833,1421,-1294,496,-991,118,-168,-411
-2128,1079,4332,-1609,67,277,187,-95,-404
-1490,469,5682,-843,-749,1023,206,-16,-362
1789,266,5358,180,-889,915,179,24,-332
3008,474,4100,435,108,-437,141,21,-337
811,696,3036,160,652,-1146,131,13,-339
-772,943,2267,-449,246,-1524,167,11,-358
-1624,254,2275,-1312,641,-1414,214,39,-353
-2535,-950,3180,-1984,515,-853,275,127,-320
-3517,-1769,3741,-1657,-391,495,343,211,-217
-2745,-2494,4867,-1080,-1427,1499,436,90,-91
9,-2822,6038,1056,-1468,1969,441,-154,-46
391,-1356,4185,1293,-437,1354,270,-149,33
787,-488,3550,1040,-288,641,235,-43,28
,,,,,,,,
320,291,2888,529,126,-8,170,-21,-54
586,1498,3798,17,-28,-16,67,-76,-389
3201,957,4271,955,429,-431,31,-86,-400
2882,897,3525,980,804,-663,26,-90,-403
1548,1213,1583,674,826,-1357,35,-130,-410
-744,1876,905,-713,746,-1595,94,-162,-413
-3124,727,2550,-1818,69,-734,181,-115,-398
-3579,90,4564,-1953,-422,871,233,-14,-363
278,-630,6113,-432,-1522,1661,221,53,-300
4316,-208,5715,961,-114,105,155,54,-264
1712,208,3046,1004,862,-1211,131,33,-280
-60,744,1818,-8,851,-1762,169,-3,-304
-1587,-40,2213,-1022,898,-2092,241,15,-308
-4054,-673,2493,-2021,634,-1405,304,87,-276
-3543,-1665,3853,-1729,-67,-55,377,172,-182
-2907,-2377,3662,-1439,-1034,1072,470,123,-69
-1141,-3064,4854,-360,-1007,1759,520,-83,-60
-939,-2348,4085,417,-751,1687,444,-243,17
464,-1228,3563,616,-664,699,224,-194,99
-297,-868,3387,379,-112,70,151,-93,27
,,,,,,,,
-911,-796,3687,107,-53,-79,156,-54,0
433,1133,4006,-105,-13,78,88,-42,-397
2604,542,4322,912,492,-701,46,-31,-411
2065,672,3330,936,753,-817,44,-42,-415
1020,950,1232,542,838,-1304,63,-72,-426
-1196,1155,1179,-556,1361,-1437,124,-101,-431
-3685,849,2191,-1391,405,-590,218,-63,-420
-4027,408,3822,-1749,62,772,274,16,-374
-342,-602,5992,-886,-2110,1277,288,83,-306
3577,-463,5938,488,-55,75,224,96,-275
788,-14,3323,736,928,-948,196,89,-271
-1225,155,2357,212,1005,-1224,230,79,-295
-1719,103,2548,-609,480,-1221,289,87,-291
-2385,-380,2787,-1375,764,-1392,337,140,-261
-3570,-1473,3394,-1712,298,-639,390,191,-175
-2775,-3289,2947,-2905,389,1475,480,158,-63
-2148,-2883,4570,-1209,-1123,1094,583,-49,-84
-1271,-3158,4579,374,-666,1353,603,-231,-101
-1179,-2239,3676,749,-583,1253,369,-318,101
-538,-1875,3643,818,-626,968,141,-114,122
,,,,,,,,
-571,-949,3009,527,-351,750,139,15,72
520,847,3984,-16,2,31,81,13,-399
2153,539,5188,632,-1017,217,63,23,-397
2838,530,5088,906,-722,-65,42,17,-402
2687,612,3404,937,340,-612,7,-4,-423
1860,1104,898,408,1161,-1512,13,-49,-446
-1038,1076,1170,-813,1276,-1649,93,-73,-450
-3635,444,2541,-1429,412,-849,197,-11,-418
-3423,-88,3592,-1985,-358,342,245,64,-382
-1056,-1527,6213,-1116,-1367,1312,267,142,-279
3015,-1642,6209,58,-779,559,245,136,-186
1682,-761,4044,669,551,-503,204,119,-154
525,-608,3003,529,765,-1207,207,117,-179
-1076,-393,2203,-338,1171,-1418,251,125,-207
-2600,-929,2229,-1497,1032,-1380,311,165,-206
-3285,-2008,2875,-2062,452,-601,401,213,-154
-3991,-3264,3749,-1599,-597,418,512,209,-136
-2830,-3278,3773,-497,-1164,1854,669,170,-316
-1028,-3522,4700,672,-1333,1966,742,-180,-203
-246,-2546,4245,1520,-1035,1423,362,-334,76
,,,,,,,,
-111,-1385,3520,826,-526,892,167,-156,96
718,877,3961,-5,-2,12,61,-4,-369
2326,501,4325,779,-911,447,25,-2,-370
2867,379,4105,956,-474,192,-1,-2,-384
3553,379,3385,918,421,-493,-29,-21,-393
1791,624,2016,766,1376,-1498,-32,-83,-414
-540,1586,1459,-193,1562,-1628,47,-128,-419
-2646,1280,2265,-972,43,-849,158,-118,-409
-1957,1056,3577,-1653,-44,-461,222,-52,-379
-2317,94,5155,-1510,85,393,255,34,-325
-151,-771,6027,-380,-956,611,254,73,-254
2118,-87,4895,523,72,-106,224,79,-223
719,-333,3418,421,571,-1076,221,79,-224
-826,-71,2576,-28,841,-1611,254,85,-239
-2855,-423,1935,-1052,785,-1519,302,113,-233
-2913,-1256,2622,-1610,232,-772,361,167,-172
-3306,-2420,3941,-1727,-999,340,437,170,-99
-2294,-2373,4449,-719,-1251,1190,537,50,-144
-1031,-1931,3599,140,-1216,1438,605,-125,-200
-356,-2333,4396,725,-699,1296,434,-324,26
,,,,,,,,
-40,-1768,4070,858,-678,882,180,-172,117
1192,695,3801,1,-10,-4,22,38,-310
2703,132,5872,1057,-774,197,11,39,-319
3661,7,4883,1391,-481,-119,5,40,-325
3062,513,2107,1309,851,-794,-46,2,-361
1872,578,267,297,1420,-1801,-25,-73,-410
-1503,1391,878,-1219,1295,-1709,48,-99,-422
-3433,91,3748,-1732,199,-366,159,-37,-406
-2866,-42,4423,-1625,-220,603,224,62,-341
-56,-780,5700,-740,-1409,1261,226,118,-244
3137,-875,5414,275,-695,386,181,122,-162
1946,-524,3923,457,412,-689,152,117,-151
477,-353,2920,223,615,-1329,159,110,-181
-1258,-205,2281,-814,779,-1462,214,116,-206
-2097,-1109,3202,-1576,103,-835,280,163,-195
-2516,-1789,3952,-1637,-351,-55,350,158,-138
-1105,-3120,5122,-1126,-1349,826,484,-30,-129
-837,-2719,3956,-324,-1172,1356,565,-335,-375
942,-2850,4329,507,-838,1336,580,-502,-331
402,-2547,4093,981,-286,1158,363,-607,228
,,,,,,,,
881,-1728,3315,945,-685,404,-92,-293,365
468,523,4086,48,-9,-14,48,71,-368
2849,131,4277,1150,346,-111,16,60,-389
2927,380,3272,1217,772,-351,6,43,-398
2076,904,1462,869,1163,-961,2,2,-416
-870,1419,1130,-463,1184,-1337,72,-57,-436
-2431,590,2853,-1276,37,-592,153,-24,-421
-2455,613,4120,-1423,130,67,185,35,-393
-1846,-302,4976,-1089,-626,839,214,106,-324
1416,-989,5533,-280,-1145,863,194,135,-245
2740,-554,4864,399,182,-239,155,141,-204
1061,-470,3629,554,433,-1023,141,133,-213
-583,53,2221,-144,544,-1454,172,128,-242
-2087,-506,2454,-1425,159,-1222,211,153,-263
-1595,-1325,3708,-1474,-132,-551,259,214,-216
-1690,-2128,3946,-1345,-574,148,337,193,-111
319,-3455,5572,-701,-1197,621,483,-88,-117
-470,-2712,4067,-305,-907,1057,525,-402,-319
958,-2916,4132,401,-748,1039,507,-539,-262
766,-2670,3923,1093,69,923,342,-524,203
,,,,,,,,
806,-1919,3318,911,-111,440,57,-261,313
845,767,3779,-10,14,-14,9,38,-359
3845,-121,3634,987,135,-271,-45,30,-365
3824,-153,3004,1054,650,-594,-73,13,-381
2753,309,814,782,1225,-1471,-76,-27,-409
-1231,1469,559,-802,1615,-1945,-15,-77,-438
-3790,361,3710,-1713,233,-367,105,-31,-415
-2722,390,5180,-1226,-432,872,160,55,-374
1522,-485,5516,-486,-1285,1158,162,98,-321
3186,-643,5025,194,39,-125,123,112,-272
1389,-346,3857,412,398,-817,106,110,-268
653,-21,2801,118,775,-1415,133,106,-292
-1641,54,1793,-1051,597,-1642,164,117,-319
-2219,-1209,2940,-2158,0,-884,211,185,-310
-1700,-2103,3917,-1887,-694,153,260,251,-220
-1054,-3057,4560,-1335,-803,689,380,148,-154
-1013,-2967,4146,-551,-674,1145,477,-143,-296
750,-3098,4012,443,-920,1427,508,-348,-379
778,-2841,3827,864,-340,1070,384,-540,38
524,-2461,3761,1008,58,732,105,-390,341
,,,,,,,,
320,-1733,2886,773,-159,245,-90,-92,236
572,967,3883,-10,-2,-17,38,-18,-356
2050,797,4506,174,-843,145,18,-16,-366
2801,663,4480,370,-665,92,8,-17,-366
2601,536,3695,535,262,-494,-24,-15,-375
1897,616,2205,412,666,-1393,-25,-42,-398
-661,1120,1460,-443,1255,-1622,22,-64,-411
-2271,826,2466,-1564,400,-915,113,-28,-410
-2754,-85,4077,-1758,47,-72,178,55,-360
-1846,-1270,5428,-1210,-833,965,215,139,-277
2161,-1782,5906,-65,-1220,623,204,151,-160
2326,-1233,4401,524,378,-268,167,139,-113
1284,-864,3385,516,573,-1060,165,144,-128
-633,-444,2098,-92,890,-1663,202,142,-173
-3092,-536,1698,-1870,600,-1576,255,179,-185
-2026,-1982,3383,-2103,-613,-497,330,208,-120
-1382,-3622,4469,-1559,-968,502,453,94,-111
-1019,-3684,3881,-400,-871,1129,573,-177,-441
425,-3175,3553,673,-1392,1384,675,-324,-581
687,-2566,3616,783,-447,1428,540,-729,74
,,,,,,,,
432,-2781,3620,1172,-800,315,88,-594,517
891,1177,3842,-30,-1,-1,-1,-66,-353
3370,309,5235,406,-1140,-77,-36,-47,-358
3671,-85,4910,760,-421,-221,-57,-39,-357
2557,282,2805,922,313,-1016,-75,-47,-378
1326,916,903,214,1123,-1620,-75,-91,-399
-1628,1831,1082,-1184,1374,-1611,-15,-133,-406
-2402,1172,3701,-1799,103,-191,90,-88,-410
-2760,579,4878,-1514,-9,793,148,7,-374
1329,-976,6234,-489,-1131,882,166,71,-314
2901,-677,5055,494,30,-281,132,91,-268
1124,-39,3270,507,400,-1041,110,81,-268
-127,281,2382,-285,269,-1317,140,77,-297
-1557,-77,2805,-1417,377,-1394,161,97,-312
-1563,-779,3661,-1629,-20,-901,212,169,-296
-1876,-1600,3905,-1613,-478,371,267,221,-210
-1158,-2583,4429,-1180,-532,785,373,90,-116
-328,-2668,4064,-677,-621,983,444,-248,-147
479,-2708,4006,144,-624,869,416,-468,-140
146,-2831,4067,681,-307,834,320,-520,124
,,,,,,,,
319,-2324,3868,902,-362,570,128,-373,336
1093,1254,3751,2,12,-6,-28,-35,-378
4091,125,4403,662,-299,-211,-62,-13,-374
3726,217,3665,897,576,-396,-82,-12,-375
2820,480,2036,890,797,-1175,-103,-44,-390
249,1295,931,-98,1609,-1425,-49,-101,-415
-2762,1483,2157,-1525,1078,-1088,48,-99,-413
-2778,985,3828,-1848,395,-7,130,-22,-390
-2204,-204,5678,-1233,-805,1009,180,65,-331
2887,-1549,6292,87,-1423,434,170,115,-267
2676,-495,3981,651,283,-683,121,115,-248
840,-305,3055,239,410,-1344,116,106,-269
-1039,229,2172,-760,411,-1517,142,108,-301
-1746,-414,2274,-1867,326,-1335,177,154,-310
-2321,-1954,3376,-2146,225,-295,221,232,-266
-1545,-3937,5874,-1947,571,1662,323,246,-189
-1439,-2826,4289,-846,-643,1191,453,76,-280
-107,-3447,4435,450,-1131,1588,564,-121,-440
669,-2741,4085,1118,-675,1359,465,-552,-20
-8,-2058,3249,1512,-825,565,25,-423,386
,,,,,,,,
-91,-1526,3506,951,-591,284,-150,-31,218
1903,913,3602,-4,-3,10,-123,0,-383
3873,212,3874,505,-296,-221,-155,6,-375
4216,-89,3617,608,68,-608,-160,5,-375
3118,332,1480,786,1043,-1386,-181,-13,-394
952,1122,309,-541,1532,-1797,-136,-73,-414
-1579,1225,2527,-1768,1183,-1167,-21,-71,-422
-3156,455,4700,-1508,450,126,78,6,-423
-1349,-157,5938,-665,-917,1167,140,91,-368
3573,-1016,5865,132,-1079,571,139,118,-314
2843,-171,4038,666,253,-668,99,109,-295
1020,51,2890,240,570,-1410,96,89,-318
-789,257,2093,-872,600,-1713,125,96,-339
-2070,-267,2298,-2214,428,-1198,170,154,-337
-1672,-2049,3512,-2126,44,-403,220,270,-280
-1594,-2609,4141,-1505,-659,624,295,310,-199
-1768,-2861,3666,-614,-1311,807,412,196,-219
-340,-2989,3750,107,-950,1473,474,56,-328
754,-3121,4332,805,-546,1274,503,-219,-248
-28,-2209,3415,1009,23,849,270,-318,47
,,,,,,,,
-148,-1961,3596,811,-262,565,107,-78,86
1439,807,3829,18,-16,-7,-68,32,-376
2731,875,5166,637,-871,305,-78,21,-373
3811,518,4502,966,-637,-63,-88,24,-371
3409,378,3222,1061,977,-687,-113,15,-384
1558,1030,696,467,1363,-1417,-88,-34,-413
-1403,1532,768,-1476,1569,-1356,-6,-85,-423
-2879,343,3670,-1850,232,22,101,-35,-416
-2222,-129,5641,-1317,-528,1122,155,75,-381
2738,-874,6167,-48,-1638,925,147,124,-320
3440,-386,4700,616,16,-152,104,134,-288
1809,-54,3088,276,452,-979,79,121,-300
108,-7,2491,-337,628,-1418,82,106,-322
-1354,-322,2874,-1099,345,-1190,121,139,-339
-839,-877,3613,-1355,21,-963,147,202,-337
-2163,-1275,3396,-1845,180,134,197,265,-297
-1293,-2790,4359,-1900,69,1928,274,264,-218
-1167,-2846,4358,-760,-713,1224,400,87,-198
-442,-3427,4309,251,-645,1369,457,-140,-221
-312,-3107,4833,1303,-189,1140,286,-294,29
,,,,,,,,
64,-1906,3494,1504,-107,1010,74,-124,107
478,587,4036,-4,-9,3,50,55,-349
2278,295,4795,791,-752,274,30,50,-349
2471,181,4532,920,-445,112,4,46,-353
2857,361,3239,1046,151,-463,-23,30,-373
1665,834,1636,457,888,-1221,-27,-28,-402
-1044,1548,1759,-665,1084,-1242,35,-59,-403
-2244,1175,2937,-1714,151,-500,107,-26,-402
-2473,202,4185,-1553,-275,374,144,62,-367
877,-937,5448,-588,-918,758,144,128,-305
2820,-986,5304,291,-301,-96,121,147,-273
1605,-495,3861,495,347,-658,100,155,-267
710,-55,2763,162,497,-1208,104,151,-289
-663,95,2347,-811,427,-1342,134,154,-317
-1266,-821,2736,-1523,214,-1088,159,200,-310
-2089,-1513,2998,-1869,520,-274,200,271,-264
-1785,-3073,4538,-1521,-572,801,287,291,-170
-1553,-3474,4139,-783,-1514,930,427,120,-192
373,-3427,4265,245,-727,1477,525,-127,-280
254,-3109,3879,1172,-510,1360,378,-405,46
,,,,,,,,
699,-2310,3480,1159,-110,537,36,-242,228
719,797,4027,-19,-36,-11,32,38,-329
1553,255,5699,471,-1292,345,16,51,-330
2758,143,5080,994,-1066,68,7,53,-333
2759,612,3455,1223,153,-479,-34,37,-355
2364,956,1582,701,825,-1104,-55,-20,-379
89,1776,787,-493,1454,-1236,-11,-73,-392
-2457,1358,2285,-1784,647,-891,87,-58,-398
-2256,188,4749,-1630,-62,46,157,32,-359
-1255,-558,5541,-1098,-1021,883,185,119,-299
1321,-1010,4976,-386,-1188,764,168,157,-252
2827,-828,4775,363,-191,-156,130,159,-219
1361,-470,3674,360,433,-770,106,156,-225
623,-311,2933,93,535,-1235,110,158,-252
-507,-171,2317,-779,664,-1477,145,168,-276
-1651,-970,2857,-1624,498,-1278,176,203,-270
-2335,-1831,3268,-1949,61,-553,244,275,-217
-1598,-3026,3997,-2066,-12,1459,324,274,-166
-845,-4241,5068,-388,-1100,1124,476,121,-274
62,-2922,3816,205,-664,1337,553,-50,-428
,,,,,,,,
606,-2857,3941,543,-500,1342,513,-339,-122
849,731,3973,-36,0,3,1,55,-351
1016,733,3913,-26,-40,-4,0,53,-354
1037,689,3951,-18,-15,-11,0,49,-353
938,703,3964,-3,-5,-8,-2,52,-348
919,768,3852,0,-10,0,-4,56,-348
958,721,3935,-10,6,13,-11,55,-350
415,1075,4198,-36,-30,67,-8,59,-350
2021,387,5397,498,-1023,370,-14,56,-351
3327,127,3431,1131,522,-558,-55,47,-363
2118,790,1429,734,1396,-1385,-52,-4,-388
-95,1722,1186,-386,1528,-1639,26,-52,-405
-4114,869,1731,-1901,797,-1447,146,-29,-386
-3223,-115,3717,-1733,-109,-16,224,89,-334
-2116,-958,5233,-1302,-1207,1057,238,166,-257
1880,-1893,5826,-215,-1492,850,213,181,-180
2816,-1104,4766,573,301,-150,157,171,-138
1267,-775,3755,582,195,-986,147,166,-149
268,-588,2795,377,998,-1525,160,165,-203
-1598,-307,1652,-929,338,-2030,196,184,-237
,,,,,,,,
-1606,-1631,2716,-1857,201,-1206,225,249,-242
1455,780,3673,-22,-16,23,-75,44,-356
3981,-90,4685,958,-520,-207,-99,51,-363
4191,147,3692,1111,101,-577,-114,42,-363
3483,738,1368,918,1538,-1224,-130,-1,-383
164,1355,222,-473,1754,-1841,-67,-59,-403
-3652,483,2506,-1792,1185,-1069,66,-52,-408
-3483,-62,4682,-1810,-295,463,162,59,-366
-807,-914,6041,-1068,-1669,1390,194,134,-296
3563,-1380,5948,68,-1052,473,169,146,-238
2542,-652,4050,554,314,-538,116,141,-206
1280,-600,3298,326,585,-1335,104,124,-231
-596,-248,2305,-350,812,-1631,131,136,-265
-1649,-688,2431,-1267,625,-1319,175,172,-287
-1995,-1266,3260,-1664,660,-695,223,235,-264
-2421,-2010,3804,-1659,53,240,303,279,-195
-1718,-2672,3545,-1118,-891,675,409,234,-160
-878,-2943,4242,-408,-761,1570,519,115,-269
-762,-3012,4110,401,-683,1338,581,-135,-235
-287,-2661,3748,830,-719,1180,341,-312,20
,,,,,,,,
-197,-2132,3728,1010,-436,735,142,-102,85
1328,588,3754,-12,4,-16,-43,72,-363
3134,-303,4753,716,-761,161,-75,73,-362
3646,-125,3935,1098,-270,-33,-84,70,-364
3678,457,2466,1119,809,-704,-114,35,-376
1662,1188,984,244,1456,-1223,-100,-23,-397
-1192,1271,1752,-1134,1128,-1420,-3,-62,-416
-3002,626,3314,-1777,202,-257,87,-6,-402
-1774,-28,4664,-1512,-368,812,140,79,-355
307,-963,5153,-958,-899,1191,154,146,-272
3230,-1741,5394,-133,-567,374,122,163,-193
2090,-1200,4447,388,431,-490,100,164,-157
1379,-926,3631,460,445,-1049,105,165,-173
283,-460,2545,101,900,-1442,129,157,-211
-988,-491,2230,-1012,696,-1708,166,171,-250
-2237,-1447,2818,-1913,787,-1105,218,226,-232
-3400,-1984,2937,-1895,96,99,284,279,-170
-2040,-2916,4236,-1018,-571,1016,407,218,-127
-1031,-3556,4229,-15,-1093,1567,556,12,-290
544,-3196,4168,866,-644,1614,588,-365,-163
,,,,,,,,
994,-3406,2195,778,-489,1170,166,-463,225
1222,610,3896,2,-22,-13,-29,50,-362
2586,-156,4619,607,-755,164,-40,61,-364
3824,-270,4363,901,-368,-101,-52,59,-364
3370,145,2948,1204,923,-666,-79,33,-370
1683,977,1175,843,1753,-1496,-55,-32,-388
-1462,1755,252,-1118,1720,-1662,45,-93,-396
-2901,314,2953,-2439,490,-476,161,-51,-371
-3048,-107,4711,-1870,160,431,225,72,-305
-112,-1751,6276,-1019,-1279,779,237,132,-191
2246,-1812,6021,626,150,-23,196,135,-97
679,-1097,3736,1181,397,-923,174,123,-97
-75,68,2007,451,622,-1476,211,120,-163
-2393,-136,1630,-1226,586,-1839,257,133,-199
-2931,-1205,2564,-1872,1238,-1632,318,207,-189
-4180,-1933,2468,-1878,28,-55,394,255,-97
-2979,-3303,3599,-1236,-1590,625,512,176,-75
-1564,-3197,4167,-461,-1087,1625,678,-53,-180
-1383,-3314,4088,623,-1092,1692,572,-382,13
-482,-2216,3235,1355,-727,975,103,-390,272
,,,,,,,,
-568,-1319,2624,423,-86,455,-8,-97,176
950,965,3889,-10,-40,0,20,23,-338
1482,603,5213,368,-769,292,7,25,-345
1973,461,4914,620,-699,181,-7,20,-349
2864,612,3543,1014,-136,-270,-44,2,-368
2850,781,1705,696,817,-1249,-61,-51,-384
217,1486,937,-324,1492,-1732,-15,-105,-395
-3329,1308,2428,-1700,376,-1131,89,-87,-394
-2678,840,3742,-1889,115,116,159,8,-365
-852,-354,5479,-1158,-691,877,182,112,-304
2532,-1504,6948,-113,-606,552,176,145,-244
1759,-723,4479,827,482,-488,153,152,-207
829,-184,3079,485,251,-1215,159,133,-232
-882,121,2216,-274,359,-1768,178,119,-267
-2381,-438,2558,-1511,428,-935,204,148,-291
-1602,-610,3032,-1823,31,-736,249,215,-263
-2643,-2340,4377,-1983,-83,275,314,256,-198
-2369,-2766,4180,-954,-888,828,434,182,-160
-596,-2618,4089,-200,-842,1529,547,8,-234
-336,-3292,4939,685,-502,1750,511,-270,-78
,,,,,,,,
34,-2234,3650,994,-421,858,166,-296,196
659,660,4006,-37,-2,-22,30,69,-338
2344,59,5406,569,-602,109,20,69,-346
2620,-87,4960,834,28,-68,9,74,-348
2348,352,3163,1120,809,-452,-7,50,-363
1668,1246,1327,581,1274,-1270,20,-6,-384
-1728,1474,789,-1224,1232,-1958,103,-39,-377
-3003,-60,3623,-1838,-403,-510,198,24,-350
-2762,-252,5084,-1564,-268,677,208,128,-297
138,-1307,5888,-395,-1088,1065,210,180,-206
2725,-803,4994,587,-149,29,175,182,-150
1249,-623,3705,518,390,-719,157,170,-160
259,-281,2776,469,870,-1337,169,161,-186
-1594,-72,1853,-753,625,-1738,214,155,-217
-2074,-942,2809,-1791,766,-1044,262,203,-213
-3292,-2122,3032,-1974,302,-197,325,264,-139
-2331,-3646,3687,-2732,-10,1853,446,199,-64
-1283,-3498,4290,-825,-1238,1437,595,-19,-213
244,-3640,4167,484,-1248,1968,654,-411,-96
-60,-3093,4473,1913,-718,1585,138,-593,391
,,,,,,,,
-84,-1400,3371,1472,-565,675,-122,-138,305
930,1018,3868,21,42,1,-6,-15,-322
2843,822,4458,434,-628,175,-14,-6,-334
3115,573,4071,522,-361,-14,-26,-4,-335
3050,311,3101,667,248,-767,-52,-11,-352
1590,615,1550,110,1025,-1433,-56,-46,-373
-1449,1520,1630,-864,954,-1355,7,-63,-393
-1739,1210,3266,-1733,295,-481,88,-25,-389
-2227,-174,4852,-1513,-158,589,132,62,-351
646,-968,5802,-278,-972,835,141,134,-289
2809,-557,4872,659,-21,-49,112,146,-255
1386,65,3430,634,383,-718,95,134,-273
672,317,3067,275,330,-1198,105,117,-303
-954,329,2682,-445,422,-1199,128,110,-320
-1028,228,2868,-1129,35,-869,162,141,-328
-1034,-565,3570,-1692,536,-540,196,201,-293
-2380,-1597,3691,-1534,-110,57,242,256,-232
-1276,-2393,4082,-1144,-419,643,325,247,-118
-919,-2447,4213,-721,-877,789,420,58,-64
-72,-3069,4307,-58,-850,963,458,-182,-63
,,,,,,,,
174,-3091,4332,736,-945,1130,345,-311,89
386,1192,3922,-15,-2,-1,59,-2,-304
2862,855,4269,1074,-415,-56,28,0,-318
3046,874,3618,1124,10,-275,6,-14,-328
2601,1025,1979,785,700,-947,-10,-45,-342
281,1638,881,-437,1131,-1602,14,-102,-365
-3654,1066,2717,-1835,709,-1055,102,-92,-368
-2246,815,3852,-1444,-23,65,180,-2,-348
-1610,96,4637,-1280,-942,758,205,86,-299
1643,-740,6175,-232,-916,579,184,126,-245
2016,-376,4521,660,404,-322,146,137,-213
963,190,3102,523,222,-1138,139,122,-230
-432,487,2508,-313,403,-1421,156,114,-262
-1532,-176,2895,-958,570,-1200,193,130,-284
-1502,-660,3002,-1728,61,-1264,241,190,-254
-2227,-2184,3607,-2404,315,-150,294,266,-173
-1809,-3735,4667,-1311,-135,931,414,240,-77
-1279,-2982,4020,-641,-1528,1108,536,32,-119
-238,-3134,4210,-173,-703,1236,578,-269,-140
-177,-3270,3736,544,-472,1257,331,-490,210
,,,,,,,,
1,-2555,3536,1043,-511,593,39,-398,355
944,1097,3872,-32,-29,5,7,-9,-306
2053,1183,5374,449,-909,310,-5,-5,-301
2926,1070,5172,639,-761,99,-17,-5,-301
3744,724,3527,1014,46,-536,-49,-20,-327
2262,716,1152,370,244,-1797,-63,-69,-355
-615,917,679,-1097,1252,-1689,-20,-102,-385
-3669,473,2993,-2382,928,-1192,86,-43,-379
-3438,159,4923,-1616,-47,651,172,80,-341
72,-1010,6100,-213,-1562,1361,196,138,-259
3453,-402,5232,800,-289,-63,153,131,-215
1278,2,3308,493,263,-898,129,116,-230
544,72,2806,170,285,-1492,139,109,-273
-1494,100,2705,-1001,287,-1601,153,117,-290
-1569,-208,3135,-1558,10,-999,187,169,-291
-2128,-1357,3743,-2119,-234,89,238,232,-255
-2531,-1520,2750,-1693,-278,1088,312,238,-174
-860,-2858,4148,-798,-791,1227,438,70,-183
356,-2938,4271,89,-710,1221,519,-196,-199
-389,-2912,3745,806,-586,1313,362,-418,118
,,,,,,,,
398,-2029,3139,1168,-1567,491,36,-274,317
279,723,4111,2,-48,-14,100,23,-315
3607,187,4375,1251,-455,-444,52,17,-342
3570,283,3470,1344,323,-741,38,9,-352
2217,418,830,814,1142,-1635,15,-37,-379
-2100,993,657,-928,1110,-1866,78,-71,-373
-2762,380,3613,-1596,-243,-308,167,-17,-357
-2466,89,5216,-1388,-584,708,204,72,-324
843,-549,6209,-244,-995,849,203,121,-255
3153,-507,5054,628,-119,-241,166,123,-222
1275,-102,3102,574,605,-1347,152,98,-237
-672,-164,2328,-517,535,-2137,179,102,-254
-2449,-450,2171,-1495,1375,-1654,233,158,-254
-3945,-1918,2858,-1956,232,-438,297,250,-200
-2917,-2278,3645,-1833,-534,689,392,273,-118
-1965,-3118,4805,-1267,-1248,1029,498,174,-127
-830,-2962,4330,35,-1323,1215,586,33,-173
-380,-3242,4368,859,-1066,1431,501,-214,-12
363,-2097,3738,1409,-886,1056,228,-205,112
203,-746,2689,953,-230,519,88,-35,42
,,,,,,,,
-315,-693,2882,246,-243,230,86,24,-30
297,847,4019,41,3,0,73,58,-346
2656,435,4790,1189,-569,252,39,43,-350
3345,576,3814,957,76,-87,20,35,-355
2652,686,1863,822,1152,-1085,2,3,-363
-268,812,1276,-421,1381,-1756,48,-38,-384
-3058,668,2100,-1583,924,-1139,153,-6,-365
-4055,185,4272,-1776,237,70,212,68,-316
-1517,-1111,6037,-573,-1412,1202,248,157,-220
2628,-606,5950,470,-507,458,220,164,-156
1203,-848,4191,724,331,-708,186,140,-162
-64,-43,1893,405,795,-1609,195,131,-194
-1468,68,1664,-765,-453,-1868,239,142,-222
-2184,-906,3240,-1451,450,-1492,276,210,-206
-4460,-2077,2718,-2124,763,-344,341,264,-128
-3146,-2853,3784,-1425,-932,864,454,232,-73
-1975,-3113,4242,-451,-1060,1467,614,35,-179
-677,-2564,3985,454,-1058,1715,590,-292,17
-686,-2563,4431,851,-657,1257,151,-313,306
-69,-1684,3627,1062,-489,746,-10,-20,203
,,,,,,,,
-221,-797,2659,739,-191,371,32,86,55
682,606,4068,-54,20,-6,31,80,-351
2796,460,4003,997,-244,368,-3,70,-356
3159,712,3659,815,457,152,-26,59,-363
3056,851,2727,852,305,-784,-42,24,-384
1300,806,1295,84,1549,-1546,-16,-27,-402
-2243,885,1586,-1103,1559,-1483,74,-34,-398
-4034,-58,3776,-1609,-80,98,164,38,-366
-2299,-440,5507,-1091,-1307,1461,191,112,-316
4469,-1286,7393,282,-1381,259,148,133,-257
1727,-39,3923,853,847,-691,111,126,-251
603,118,2774,623,567,-1544,122,108,-280
-324,450,1706,-657,835,-1944,150,90,-304
-2419,-585,2357,-1539,647,-1698,207,131,-299
-3349,-1593,3073,-2245,193,-561,276,236,-217
-2783,-2391,3921,-1849,-164,792,360,258,-115
-2092,-2985,4130,-1258,-374,1061,494,105,-107
-889,-3088,4402,-118,-1088,1133,638,-131,-135
-998,-2885,4258,568,-824,1102,480,-424,175
-304,-2569,3800,1306,-485,1168,89,-286,353
,,,,,,,,
-51,-1455,2682,588,94,717,-15,-2,208
405,1711,3826,-9,-12,-20,59,-70,-337
3431,1845,3780,907,53,-109,20,-68,-351
3147,1383,3104,745,442,-554,5,-72,-358
2167,928,1335,534,993,-1356,6,-97,-365
-1446,993,661,-1080,1229,-1786,73,-117,-367
-3835,708,3324,-1832,-366,-392,165,-47,-357
-3073,54,5591,-1522,-704,1132,200,52,-332
1851,-590,5874,21,-1651,1567,174,106,-287
3276,286,4583,614,304,-78,101,106,-276
1526,222,3277,545,619,-1127,82,88,-288
-60,442,2360,-48,699,-1632,109,77,-311
-1900,225,2126,-974,572,-1610,162,92,-318
-1678,-599,2993,-1707,377,-1226,196,148,-299
-2409,-1675,3775,-1931,316,-443,252,240,-232
-2228,-1944,3665,-1287,6,189,333,261,-112
694,-5993,9180,-1878,1689,1556,442,156,-48
-1151,-3247,4398,-516,-1040,856,558,-26,-17
-493,-2901,4018,330,-848,983,486,-238,128
-273,-2590,4015,938,-365,1074,186,-241,248
,,,,,,,,
-292,-1755,3127,993,-83,758,35,-31,190
-144,918,3967,-9,-17,11,112,42,-323
2759,477,4584,1154,-392,61,61,34,-346
2563,752,3663,1061,9,-141,37,11,-359
2091,957,2374,871,676,-854,27,-17,-376
171,1532,1319,61,1323,-1490,49,-75,-382
-2659,1414,1887,-1123,885,-1497,140,-74,-370
-3717,611,3791,-1491,-448,-44,216,-5,-327
-1707,127,5485,-951,-1015,972,230,71,-298
2288,-203,5815,187,-657,574,199,111,-273
1387,424,4117,579,109,-535,154,107,-282
747,544,3362,358,340,-1089,146,87,-303
-900,433,2428,-82,635,-1576,175,85,-311
-2137,139,1990,-876,426,-1230,225,113,-314
-1645,-468,2899,-1496,106,-1178,266,181,-278
-3592,-2046,3527,-1882,22,-485,306,261,-199
-2860,-2621,4059,-1466,-1015,456,389,255,-89
-2218,-2443,3600,-1173,-1318,890,493,95,-90
-594,-3028,4629,-45,-1378,1026,578,-112,-99
-559,-2756,4073,738,-496,1264,385,-311,122
,,,,,,,,
52,-2358,3980,1431,-401,1105,117,-192,212
-124,1347,4001,-93,-20,-52,84,-21,-329
3005,884,4348,992,-368,533,40,1,-352
4125,1145,3794,926,510,-49,15,-12,-360
3045,1289,2229,560,1564,-1267,7,-56,-369
-640,867,1040,-148,1290,-1781,86,-82,-373
-3794,1338,1157,-1357,261,-1082,184,-58,-351
-2847,1012,3019,-2016,-72,-29,222,24,-327
-1782,-296,5339,-1099,-593,668,215,113,-283
1484,-1051,6289,142,-787,549,189,150,-243
1691,-129,4178,693,475,-390,150,162,-244
825,255,3151,604,651,-1158,149,138,-269
-1289,291,2347,-132,751,-1644,183,133,-282
-1854,-235,1841,-964,232,-1624,237,167,-278
-2532,-1051,2093,-2212,937,-1062,268,249,-236
-3406,-2997,3027,-2122,-345,-226,312,325,-110
-3403,-3331,3477,-1436,-707,898,430,241,-3
-1799,-3396,3988,-531,-1136,1402,593,-1,-98
-607,-3669,4242,427,-1194,1428,576,-318,38
-54,-2519,3640,1517,4,1357,143,-333,300
,,,,,,,,
-376,-1273,2717,935,-222,691,6,-45,165
-157,618,4004,-27,-91,-44,95,98,-272
3468,294,3996,1459,578,-281,37,77,-311
2991,397,3252,1483,1053,-511,18,61,-332
1761,1121,1399,987,991,-1218,43,3,-362
-1605,814,1165,-717,840,-1673,110,-35,-364
-4179,363,2558,-1702,17,-551,187,-1,-347
-3564,259,4445,-1527,-434,860,219,88,-298
903,-492,6346,-122,-826,678,208,137,-252
1729,-333,5007,746,124,-656,173,149,-231
75,2,3275,650,-473,-1435,178,139,-250
-856,170,2239,85,72,-1922,180,135,-284
-1901,-17,2362,-1153,13,-1559,196,157,-300
-1995,-668,2799,-2098,-222,-850,217,228,-281
-1866,-2694,3947,-2181,-600,118,258,309,-209
-2490,-3074,3292,-1330,-1081,715,363,302,-158
-422,-3836,4131,-127,-2400,980,565,212,-233
391,-3466,3794,523,-1297,1250,707,-177,-76
1174,-3171,4421,1376,-600,1230,344,-471,279
815,-1933,3329,1596,360,827,-33,-176,273
,,,,,,,,
156,-1425,3107,1341,-470,276,-33,28,84
-305,791,4066,30,18,-8,95,26,-282
3333,387,5147,1032,-1226,998,40,39,-300
4066,184,5379,1232,-404,735,-3,36,-314
3224,919,3495,1478,592,-452,-34,10,-326
2116,927,1801,764,935,-1435,-26,-58,-357
-939,630,1536,-451,1359,-1923,60,-98,-353
-3451,448,2340,-778,451,-1526,155,-60,-339
-3067,865,2247,-1961,-30,-276,242,23,-293
-1642,-931,5688,-2017,-1247,699,248,107,-237
1042,-1255,6645,644,-551,249,202,154,-177
1051,166,3866,748,336,-466,171,142,-172
-125,-261,3188,733,888,-1211,182,130,-196
-1808,183,1828,-56,434,-1447,230,142,-204
-2044,-731,2297,-1451,170,-1468,280,178,-193
-3369,-1338,2008,-2279,335,-865,315,245,-135
-3120,-2838,3318,-1720,-788,52,372,260,-49
-2019,-2568,3286,-1106,-1596,689,486,184,-18
-1156,-3392,3380,0,-1449,1188,580,-18,36
-442,-3215,3437,536,-966,1334,347,-363,265
,,,,,,,,
643,-2823,4275,1345,-260,1027,-67,-226,344
-457,1668,3694,27,1,40,107,-61,-319
5154,2302,3768,1407,226,-66,100,-62,-329
3223,2318,3187,997,1487,-974,81,-78,-331
1013,949,2521,753,1594,-1709,105,-108,-318
-3909,262,528,-899,1040,-2288,214,-107,-282
-3989,392,1798,-1879,-538,-1414,312,-16,-244
-4633,-885,3405,-2334,-310,327,333,95,-182
-2131,-1463,6004,-1056,-1973,1253,306,137,-100
2756,183,6303,844,-957,536,251,114,-78
1076,180,4163,1035,837,-882,202,89,-106
-865,-296,2435,889,864,-1652,234,81,-136
-2292,86,681,-419,765,-2134,291,110,-151
-3774,-1253,1073,-2032,-624,-1582,355,191,-115
-3693,-3761,3287,-2282,-667,-460,399,275,-40
-3632,-3830,4532,-1604,-1800,449,543,230,-40
-1020,-3448,4075,-393,-2037,1809,845,42,-98
-881,-3610,4462,655,-876,1740,467,-534,320
-496,-2569,3669,1511,-135,1590,-121,-172,322
-221,-1440,2875,1291,-270,1015,-36,79,73
,,,,,,,,
144,-318,1946,351,99,297,63,103,-52
-960,723,3899,-31,2,-16,175,46,-310
1782,-356,5667,1245,-1608,709,151,47,-324
2471,-171,4792,1674,-573,318,113,39,-345
2547,354,3246,2092,731,-285,72,-11,-370
1735,1241,939,904,894,-1661,89,-114,-368
-2863,1421,-37,-982,1423,-2250,176,-148,-340
-5250,577,1615,-2243,457,-634,286,-42,-281
-4086,-157,5268,-2007,-553,656,315,71,-204
913,-1663,7578,331,-977,532,292,118,-161
-168,-235,4353,1027,199,-552,250,114,-173
-248,-290,2847,1499,525,-1428,267,96,-191
-1068,834,485,166,1311,-2329,303,89,-198
-3732,-975,624,-1358,910,-2555,356,138,-151
-5309,-2279,199,-2626,279,-1780,402,261,-41
-5809,-2371,1098,-2409,-1718,339,448,289,111
-2688,-4077,3710,-1127,-2621,1493,597,74,127
-1746,-3962,4218,399,-1825,2007,368,-383,261
-766,-3093,3777,1291,-1068,1902,-137,-128,247
-649,-974,2274,972,-577,1104,-29,82,46
,,,,,,,,
-92,-637,2252,218,-293,263,52,92,-61
-645,949,3907,7,3,9,138,53,-296
1179,230,5628,844,-1113,962,119,69,-306
2162,249,5196,1096,-578,790,108,63,-313
2164,719,3753,1233,582,111,69,29,-343
1735,1147,1649,842,1291,-1235,81,-40,-353
-1776,1515,410,-538,1030,-2046,155,-80,-342
-4433,602,2666,-1428,232,-931,243,-35,-293
-3253,184,5292,-1060,-1419,362,273,66,-233
1130,-270,6699,221,-481,526,242,111,-209
282,241,4113,716,345,-463,211,114,-205
-79,356,2796,742,633,-1365,227,98,-225
-1208,216,1700,-112,896,-1994,267,101,-222
-3203,-347,1177,-987,478,-2184,323,167,-181
-5342,-2095,1280,-2395,-1199,-1073,356,272,-86
-3618,-2322,2798,-930,-1649,-100,422,239,48
-2192,-2343,3272,-1056,-817,977,515,37,60
-1292,-3049,4145,-366,-1350,942,523,-234,119
-1448,-3022,3873,454,-658,1271,201,-373,345
-1005,-2451,3875,582,-711,1171,-111,-93,338
,,,,,,,,
-813,-1908,3447,1063,-385,985,-65,126,141
-3,1155,3830,-92,-122,8,89,-1,-313
3382,1047,5793,1799,-904,741,76,15,-327
3285,1495,3913,1543,1088,253,55,10,-340
2856,163,2635,1414,1300,-1215,50,-30,-360
150,667,-108,289,1372,-1902,120,-96,-354
-4584,917,69,-2175,222,-1524,237,-68,-317
-5376,-99,4066,-2840,49,534,292,58,-266
-3061,-1633,6678,-836,-1952,2110,281,126,-204
3346,-105,6091,640,-439,512,225,116,-181
877,-86,3955,1075,470,-990,174,86,-211
147,310,2041,823,608,-2117,201,73,-239
-2672,284,182,-787,835,-2446,251,83,-252
-3217,-1265,1613,-2240,27,-1411,305,174,-220
-3839,-2490,2906,-2078,-224,-260,350,273,-115
-3727,-3038,3995,-1302,-1324,868,449,190,-14
-1771,-2892,4379,-684,-2380,1146,593,-10,-45
-1140,-3269,4696,713,-850,1502,388,-325,162
-719,-2560,4328,1351,-219,1652,-34,-118,209
-333,-1289,2570,1265,-410,1124,1,61,21
,,,,,,,,
168,-555,2217,587,-77,380,75,95,-97
314,402,4115,-95,-47,-27,27,103,-351
2001,-118,4563,894,-1015,274,10,120,-354
2651,76,4404,957,-812,160,-14,114,-363
3257,543,3582,974,98,-511,-64,86,-378
2372,689,2113,811,1034,-977,-72,32,-396
-98,1160,1090,-407,1690,-1589,-16,-13,-408
-4204,695,2126,-1716,951,-1052,94,1,-405
-4138,-192,4472,-2008,-217,1159,179,94,-344
45,-1303,6761,-414,-1337,960,174,160,-276
2721,-961,5521,803,310,-254,127,172,-246
974,-177,3088,891,555,-1125,119,160,-255
-743,209,2172,119,649,-1469,144,136,-290
-1841,0,1816,-978,756,-1371,189,145,-298
-2345,-892,2063,-1821,1691,-1672,244,209,-270
-3769,-2694,3410,-2294,23,-368,299,304,-148
-2267,-2952,3233,-1608,-319,185,393,270,-10
-2246,-3657,3519,-967,-932,684,521,91,0
-1998,-3446,3584,161,-1139,1318,606,-188,62
-1747,-3355,3606,546,-1038,1529,225,-385,310
,,,,,,,,
-1310,-2432,3468,976,-786,1435,-76,-72,266
-258,863,4037,14,-53,-2,81,38,-337
-845,838,6532,62,-1629,704,77,39,-337
1135,770,6129,1007,-1970,628,69,43,-343
2527,1082,3650,1226,-192,121,11,19,-358
2529,660,1333,516,1074,-1102,-25,-40,-388
-535,1234,-34,-1108,1506,-1706,27,-72,-399
-4648,640,2878,-2100,174,-122,130,-12,-377
-1267,-442,6487,-1532,-1197,1425,177,81,-326
3973,-545,6188,760,-557,122,133,113,-290
1617,-97,3385,811,506,-1285,98,107,-294
315,183,1661,31,878,-1949,110,88,-317
-3127,407,422,-1482,1062,-1773,173,122,-316
-3601,-688,2068,-1979,1253,-983,250,210,-266
-3616,-2726,4484,-2390,-466,197,333,278,-125
-2896,-2725,4552,-1353,-688,900,409,197,-33
-1661,-3374,4604,-299,-987,1361,450,-31,37
-1027,-3008,4426,659,-621,1511,301,-150,156
-448,-1746,3484,908,-477,1173,80,-16,160
-103,-1007,2676,1043,-155,593,72,95,43
,,,,,,,,
-730,-540,2137,123,-75,240,107,115,-52
70,514,4072,-15,-44,44,61,99,-311
3658,-100,4405,1750,285,25,14,83,-343
3243,2,3429,1702,1082,-206,0,65,-362
2036,538,1444,1238,1200,-914,10,23,-380
-867,1575,-99,-787,1203,-1912,70,-60,-377
-4011,627,2387,-2123,17,-861,171,-4,-344
-4977,820,3390,-1225,-1029,237,200,111,-295
1287,-1021,6323,176,-1774,756,183,159,-251
3143,-271,4796,1036,314,-346,128,154,-246
928,249,2637,666,607,-1349,112,125,-275
-667,371,1780,-435,691,-1811,138,113,-305
-2099,-415,1606,-1527,682,-1582,190,156,-304
-2694,-1739,2987,-2111,-21,-680,241,249,-245
-2598,-4032,4683,-2700,-188,1244,313,282,-141
-2261,-3376,4539,-999,-1393,1671,447,133,-123
-239,-3337,4541,-227,-1833,1547,504,-173,-98
711,-3748,4902,988,-961,1495,154,-336,222
689,-2553,3914,1668,-329,937,-51,6,144
57,-945,1944,1037,213,702,2,100,-32
,,,,,,,,
-911,-1159,2526,563,471,238,50,110,-109
691,394,3995,-14,-11,-8,0,88,-346
1210,109,5050,696,-1254,785,-11,83,-344
2710,102,4487,939,-964,434,-24,84,-353
3536,-76,3834,1299,333,-52,-67,60,-363
2684,413,1875,1045,1577,-1347,-66,-2,-387
-461,1553,466,-395,1562,-2001,11,-70,-394
-4083,1210,2263,-1696,505,-1015,129,-40,-364
-3389,-185,5246,-1549,-477,445,187,66,-322
51,-1033,6157,-338,-1963,1231,172,128,-280
3196,-351,4800,499,-395,123,104,132,-279
2314,-373,3563,619,511,-1225,77,121,-291
-198,-336,2528,201,833,-2114,90,110,-305
-2914,-209,1782,-863,976,-1852,133,135,-328
-2586,-647,2941,-1705,310,-481,192,193,-297
-3171,-1498,3838,-1953,21,38,254,251,-223
-1025,-3227,6766,-1644,-286,457,326,219,-150
-1211,-3277,5214,-624,-1765,332,443,85,-150
91,-3560,4816,389,-1259,1025,507,-184,-77
374,-3268,4211,1089,-475,1165,176,-308,251
,,,,,,,,
183,-2284,3288,1395,-323,863,-51,4,150
411,317,4145,-15,-66,-21,25,93,-379
2940,-203,4386,935,-1022,71,-24,95,-384
3194,-63,4098,1062,-482,-146,-39,93,-382
3299,353,2965,1049,805,-615,-72,60,-400
858,1291,1108,297,1825,-1378,-45,8,-423
-2528,1288,1355,-1451,915,-1233,59,-5,-404
-3433,232,4227,-1834,-248,-164,137,52,-368
-1562,-910,6213,-698,-1568,848,151,133,-312
3555,-1089,5356,553,-561,169,115,160,-288
2109,-282,3215,592,674,-906,69,152,-305
0,-106,2370,64,1312,-1596,82,139,-319
-2342,-82,1703,-898,1325,-1536,150,153,-314
-2532,-547,2326,-1897,378,-925,221,206,-263
-2593,-1961,3427,-2133,-211,-408,272,249,-180
-1178,-5328,7176,-2116,-195,1275,356,201,-98
896,-5554,7523,-594,-482,1599,496,24,-182
-426,-3032,4253,229,-972,1297,523,-314,-66
19,-3415,4552,1005,-932,1062,126,-417,263
8,-2230,3564,1497,-244,959,-91,-43,194
,,,,,,,,
0,-1318,2933,1070,-254,664,-45,101,17
-312,744,3992,-29,-30,1,85,30,-309
3123,147,4401,1301,-548,142,15,18,-345
2896,689,3667,1487,5,-257,-11,1,-347
2926,1305,2153,978,503,-941,-36,-35,-374
457,1249,983,-297,1128,-1747,6,-102,-383
-2581,760,1607,-1598,587,-1573,97,-70,-380
-3413,-37,4103,-1844,-67,-146,168,30,-344
-1368,-340,5792,-1034,-1205,968,180,104,-292
2809,-833,5817,555,-52,163,152,139,-249
1102,-316,3579,841,615,-894,127,135,-254
-215,22,2364,230,580,-1514,146,126,-271
-2345,-50,2219,-716,671,-1037,184,140,-289
-1989,-462,3209,-1199,438,-779,231,182,-275
-2338,-784,3174,-1730,80,-455,280,226,-217
-2293,-2831,4531,-1880,-646,116,343,227,-153
-1730,-2618,3826,-1135,-1065,813,428,165,-165
-760,-2833,3976,-474,-1166,1071,543,-1,-182
-272,-3110,4131,154,-939,1090,463,-349,23
-419,-3115,4287,893,-440,1088,82,-358,262
,,,,,,,,
-156,-2161,3535,1116,-453,836,-94,-15,160
163,697,3973,-40,-53,9,46,74,-347
208,539,4162,-30,-105,75,38,83,-341
20,727,4201,-46,-33,79,34,80,-339
-1228,858,5257,69,-926,546,33,78,-341
4237,123,4405,1199,675,21,-10,68,-353
2013,30,2185,969,1094,-1168,-18,21,-378
-302,1076,450,-238,1099,-1705,51,-20,-387
-3687,220,805,-2499,1373,-1723,140,11,-360
-5396,-704,4748,-1736,-882,439,220,148,-257
2671,-1781,7811,-16,-1692,1035,206,174,-178
1890,-646,4080,893,804,-715,143,154,-159
-393,-407,2008,450,578,-1481,149,143,-189
-1593,-429,1633,-927,1094,-1805,192,156,-211
-3411,-1451,2336,-1760,1234,-1209,258,213,-166
-4108,-2224,2782,-1836,-189,14,339,243,-81
-3077,-3035,3492,-1292,-1449,1177,457,172,-56
-1338,-3205,4051,-298,-1864,1431,564,-35,-54
-429,-3124,4287,382,-1271,1445,248,-377,156
-125,-2433,3808,881,-738,1154,-133,-132,169
,,,,,,,,
174,-1545,3242,897,-418,767,-119,42,15
430,957,3989,-12,19,-5,2,28,-359
3534,566,4169,851,-339,112,-34,21,-373
3574,509,3785,746,470,-284,-44,17,-376
2522,647,2020,656,1352,-1138,-61,-11,-395
-395,1270,1230,-497,1308,-1627,14,-39,-399
-3943,1042,2735,-1156,492,-757,112,-16,-372
-3169,472,4147,-1408,-876,1072,172,55,-335
1100,-173,5648,-420,-1268,932,141,109,-305
2549,-97,5065,432,-68,-60,81,118,-288
1031,95,3893,709,571,-745,60,106,-290
-26,400,3022,316,542,-1148,76,88,-311
-751,476,2474,-425,562,-1366,117,87,-323
-1665,65,2830,-1036,814,-1075,158,128,-308
-2753,-353,3218,-1644,506,-655,215,178,-263
-2968,-1624,4100,-1616,-191,235,257,219,-161
-2647,-1820,3825,-1332,-911,747,298,145,-39
-1161,-2598,4551,-459,-915,1047,293,-11,37
-306,-2422,4053,1,-747,1082,180,-95,129
-109,-2248,3954,515,-429,979,7,-14,165
,,,,,,,,
395,-1255,3102,531,-110,477,-36,86,84
862,465,3954,-30,-13,-3,-26,119,-372
3253,71,4355,833,-513,331,-66,132,-365
3453,-154,4283,1087,79,242,-90,125,-370
3550,76,3158,1090,750,-726,-108,102,-389
1573,695,1153,440,1655,-1483,-80,48,-413
-1488,1154,1523,-768,1129,-1617,11,8,-421
-3423,430,2878,-1337,19,-813,103,51,-399
-2471,-426,4679,-1491,-129,476,148,124,-358
-823,-663,5626,-529,-1509,1165,153,183,-295
3302,-1247,5349,433,-769,449,116,189,-249
1927,-420,3459,592,762,-586,65,174,-250
1125,-249,3056,377,738,-1345,71,159,-272
-978,-136,2572,-416,946,-1606,108,162,-292
-2645,-873,2013,-1301,867,-1016,175,209,-282
-1802,-1003,3091,-1694,66,-479,233,268,-236
-2640,-2461,3769,-1678,-621,75,297,273,-161
-2456,-3375,4408,-1220,-2385,649,420,174,-164
-89,-3240,4443,340,-1999,1551,527,4,-282
796,-3215,3942,1281,-1179,1343,447,-308,-60
,,,,,,,,
1551,-2482,4114,1389,-523,980,37,-256,241
473,57,4087,64,-92,-87,7,119,-319
274,379,4343,-86,-139,144,0,128,-311
251,294,4758,-69,-222,236,-3,126,-313
718,4,5229,346,-604,360,-9,125,-318
3065,-32,4169,804,-126,-324,-46,115,-335
2555,76,1990,694,1011,-1198,-59,92,-370
-261,585,1000,-387,1689,-1534,-12,56,-397
-3505,690,2016,-1734,908,-946,69,77,-385
-3066,-810,4830,-1566,-838,355,143,160,-319
753,-1549,6122,-592,-1465,998,137,200,-230
3364,-1406,5166,586,155,-162,102,196,-185
1559,-989,3256,759,738,-1054,76,191,-188
46,-623,2746,256,1009,-1528,101,193,-227
-1793,-491,2549,-537,637,-1450,143,204,-248
-2329,-721,2612,-1256,211,-1004,194,243,-249
-2296,-1323,3441,-1653,54,-209,238,287,-205
-2824,-1539,1383,-2257,-96,1442,325,265,-144
-1836,-3020,3568,-1136,-818,929,433,120,-168
-469,-3502,3763,-374,-1234,1076,522,-84,-220
,,,,,,,,
173,-3227,3669,317,-966,1106,431,-384,-1
394,291,4131,-74,-5,-6,20,79,-300
3545,-536,5098,1300,146,-299,-3,89,-312
2894,-817,4529,1679,976,-566,-12,87,-324
1621,-32,2186,1732,973,-951,-14,30,-363
27,1498,285,346,1017,-1644,39,-49,-376
-2763,1527,1224,-1985,408,-1848,121,-58,-376
-3158,-134,3871,-2159,102,-409,186,51,-331
-2688,-711,4838,-1689,-856,551,204,148,-267
85,-1585,5828,-378,-1357,863,168,176,-176
3137,-1435,5129,625,4,-269,120,174,-146
1128,-736,3238,767,630,-1132,102,176,-170
-626,-358,2452,17,869,-1474,132,174,-204
-1885,-670,2262,-811,532,-1421,167,189,-210
-2683,-1113,2595,-1708,710,-818,224,235,-187
-3432,-2893,5064,-1635,90,164,300,247,-121
-1968,-2949,4463,-1263,-1087,923,420,123,-88
-1253,-3119,3794,-592,-1431,1282,512,-114,-104
-444,-3398,4005,-15,-1229,1229,301,-477,162
392,-3677,5657,757,-1206,1288,-98,-386,403
,,,,,,,,
-102,-2428,3308,1383,-236,723,-169,43,247
297,540,4042,-111,52,55,26,87,-351
3148,1,4683,1463,-565,779,10,97,-349
3102,-139,4350,1380,392,344,-6,85,-361
2481,132,3148,1237,1070,-446,-21,46,-390
1151,1081,1310,461,1352,-1669,13,-16,-401
-1868,1011,982,-1036,796,-2093,103,-38,-387
-3500,60,2820,-1802,-144,-681,187,35,-352
-3782,-430,4881,-1545,-814,310,206,136,-297
126,-1363,6089,-240,-1251,831,184,183,-237
2301,-920,4891,590,84,49,133,177,-218
1162,-442,3589,671,595,-782,118,172,-231
-341,-118,2783,124,773,-1322,133,162,-259
-1670,-472,2271,-670,714,-1535,173,179,-257
-2503,-875,2230,-1443,523,-1199,231,237,-231
-3531,-1899,2636,-1821,89,-381,298,277,-154
-3120,-3206,3694,-1565,-652,494,400,231,-96
-2282,-2982,3918,-868,-1778,1150,517,141,-164
-438,-3671,4193,186,-2081,1873,632,-182,-130
212,-3382,4663,1063,-1332,1428,193,-525,235
,,,,,,,,
963,-3168,4832,1471,-495,821,-152,-73,220
452,150,4269,-60,-14,164,-39,154,-353
3803,-532,2975,1123,1168,-751,-84,123,-390
2611,-291,1972,1158,1652,-954,-89,111,-399
763,360,768,649,1614,-1459,-37,59,-429
-1947,1171,679,-1247,1338,-1866,68,32,-416
-3657,-625,2861,-2080,442,-844,164,108,-366
-3744,-1577,5354,-1658,-678,554,206,222,-255
1745,-2526,7014,36,-1562,733,204,227,-155
1909,-1443,4351,956,609,-631,163,212,-131
75,-798,2208,836,1242,-1324,164,201,-169
-1040,-127,679,-1054,1723,-2496,208,216,-201
-3803,-1850,1907,-2031,1117,-1363,263,285,-165
-5322,-2729,-96,-855,-926,-224,346,348,-52
-2089,-3509,3516,-874,-2523,1245,467,273,-39
-170,-3471,4119,-143,-2920,1622,595,11,-147
188,-4019,4147,594,-1495,1313,277,-564,163
450,-3570,4256,1223,-1091,1010,-220,-268,416
778,-2816,3840,1705,-140,476,-141,133,107
555,-1538,2964,1832,667,28,-48,196,-74
,,,,,,,,
-1165,361,1606,944,391,-344,35,172,-178
285,305,4096,-33,-15,-29,15,117,-366
3112,-174,4328,1179,-626,245,-22,122,-367
3014,28,3965,1115,33,6,-52,106,-376
2878,524,2868,1176,851,-461,-83,67,-402
1397,1144,863,124,1542,-1382,-45,5,-429
-2757,588,1375,-1416,1379,-1397,41,-5,-423
-3771,-4,4274,-1599,-285,-128,137,71,-376
-914,-559,5905,-605,-1570,867,146,141,-331
3073,-965,5938,413,-466,165,100,164,-294
1420,-259,3682,649,724,-803,64,161,-306
-162,17,2517,71,816,-1317,88,153,-319
-1294,49,2175,-722,994,-1374,124,160,-311
-1628,-462,2477,-1285,916,-1197,180,211,-286
-3407,-1862,2872,-1894,420,-519,236,277,-208
-2472,-2756,3009,-901,-285,-177,307,267,-69
-2669,-3251,3513,-839,-1323,536,424,101,-37
-1116,-3348,3785,-245,-1683,1203,512,-131,-81
-568,-3519,4169,326,-1341,1214,290,-413,175
-10,-3090,3934,1066,-1035,1048,-101,-202,294
,,,,,,,,
156,-1790,2910,1173,-213,672,-103,85,89
491,11,4039,12,-7,-8,2,129,-312
4189,-918,4384,1509,-527,146,-49,121,-326
3196,43,3906,1454,46,-261,-90,104,-343
2692,1017,2389,1197,366,-465,-116,72,-370
1796,1103,889,-38,877,-1801,-111,8,-405
-2452,406,1863,-1311,1207,-1529,-66,-14,-426
-3391,230,3924,-1307,-451,-23,22,47,-412
-115,-661,6190,-765,-1137,1275,48,125,-362
4329,-848,5375,331,-737,573,30,159,-312
2587,-165,3558,456,433,-783,-9,159,-296
921,-82,2501,-24,1176,-1379,6,152,-315
-869,-266,2607,-823,802,-1478,50,158,-334
-2263,-845,2890,-1393,508,-1002,113,202,-322
-2432,-1005,3110,-2094,437,-618,177,259,-267
-2055,-2548,3455,-1874,-480,292,253,284,-187
-1424,-3317,4127,-1301,-1601,882,375,194,-188
-201,-3582,4269,32,-1613,1351,536,19,-288
411,-3551,4082,889,-994,1282,444,-461,23
937,-3126,3906,1457,-566,966,97,-449,303
,,,,,,,,
569,-1980,3025,1465,73,591,-118,-21,198
747,152,3983,-92,-52,15,-46,173,-356
3291,-1028,4877,1259,-1230,487,-82,181,-344
4169,-946,4165,1451,-485,364,-103,177,-347
4506,-100,2575,1307,1352,14,-145,147,-366
2191,560,727,686,2397,-1440,-109,67,-421
-2327,1257,844,-574,1960,-1818,20,17,-419
-4084,176,3364,-1794,-338,-259,127,59,-382
-2103,-253,4848,-1653,-1306,450,156,144,-330
1579,-1876,6585,-252,-962,551,121,199,-272
2157,-1121,4604,913,438,-358,84,215,-257
1066,-250,2865,853,1021,-1125,83,195,-270
-767,369,1375,-303,1040,-1814,122,183,-300
-2471,-994,2136,-1792,993,-1578,177,216,-282
-3474,-1767,2182,-2094,297,-820,235,307,-181
-2082,-5102,8644,-4477,1317,2745,317,295,-32
-3154,-3250,3441,-900,-1390,1206,455,7,-20
-737,-3273,3839,-254,-1742,1178,472,-272,-50
-521,-3730,4048,171,-1445,1081,179,-531,289
-346,-3417,3942,679,-882,1017,-202,-268,499
,,,,,,,,
116,-2857,3939,1168,-239,804,-164,138,289
99,222,4104,-30,42,59,45,156,-337
389,-719,5104,320,-1634,1017,29,159,-338
1096,-612,4690,680,-1446,958,11,162,-344
3422,-440,4565,1201,-374,640,-53,152,-372
3577,-14,2967,1456,1387,-440,-96,87,-406
1148,920,988,884,1776,-1431,-46,6,-422
-1576,1586,891,-734,822,-2040,66,-27,-409
-4135,625,2633,-2177,-358,-717,149,24,-382
-2277,-669,5577,-1534,-1153,409,167,119,-335
2068,-1513,6984,-75,-936,500,128,178,-284
1376,-675,4361,923,595,-341,97,182,-268
520,-97,2760,805,1039,-1009,105,168,-284
-391,309,1574,-161,903,-1701,154,148,-305
-2206,-831,1645,-1393,1244,-1815,201,188,-291
-3984,-1682,2267,-2001,12,-876,252,268,-200
-1172,-4571,8713,-3323,674,1220,309,280,-71
-2658,-3321,3557,-1564,-1791,527,431,96,-51
-1129,-3185,3188,-958,-1802,1134,536,-137,-113
-445,-4302,3837,-3,-1454,1103,309,-628,141
,,,,,,,,
-417,-4164,4046,1227,-1300,833,-209,-464,427
-451,598,4017,-50,135,-7,67,73,-322
1499,-757,5832,458,-2089,874,48,95,-321
1998,-529,5435,1303,-1317,822,37,98,-326
3838,76,5156,1632,258,668,-30,78,-364
2440,661,2770,1504,1127,-801,-43,7,-400
110,944,539,365,1252,-1971,19,-80,-403
-2063,1265,1064,-965,16,-1714,118,-94,-373
-2986,387,2926,-1899,-276,-786,170,-17,-355
-2888,-446,4930,-1772,-1093,274,180,93,-318
-211,-1552,6273,-661,-884,628,142,160,-239
2095,-1049,5351,584,123,-107,104,170,-212
1296,-518,3441,875,818,-905,97,165,-231
-86,-414,2405,407,1142,-1600,133,166,-251
-2318,-428,1602,-509,860,-1737,178,184,-252
-3107,-1053,2029,-1806,-29,-1057,228,231,-228
-2428,-1923,2896,-1943,-222,-465,277,279,-159
-2965,-3563,3634,-1241,-1374,351,366,257,-102
-1413,-3264,3735,-840,-2054,1191,527,153,-208
286,-3582,4166,157,-1963,1530,637,-265,-130
,,,,,,,,
39,-3838,4238,976,-1391,1361,184,-632,236
-17,520,4013,37,-2,-48,28,106,-329
4163,-287,4870,1557,-401,468,-4,111,-342
3838,-146,4550,1589,894,445,-32,90,-364
2932,549,2657,1678,1821,-114,-46,50,-384
320,1707,379,166,1154,-1525,45,-55,-394
-3624,1015,1518,-1307,-17,-1676,128,-59,-374
-3276,-120,3566,-1740,-347,-150,164,19,-352
-2089,-405,5022,-1426,-839,576,167,124,-304
1021,-1170,5939,-336,-1079,589,140,169,-248
2155,-761,5024,672,389,-339,90,172,-218
721,-510,3494,814,729,-939,75,165,-230
-537,-156,2559,241,691,-1469,112,161,-254
-2309,-251,2078,-805,547,-1234,163,176,-268
-2113,-754,2603,-1516,133,-973,206,225,-243
-3032,-2115,3485,-1804,-133,109,261,258,-176
-2831,-2867,3677,-1282,-927,810,347,200,-121
-932,-2738,4004,-823,-1642,1121,445,57,-157
-151,-3068,4027,223,-1405,1103,421,-265,-20
214,-3141,4469,1061,-840,1032,68,-356,213
,,,,,,,,
-591,-671,2,1962,-863,108,-135,-38,96
-147,726,4038,-32,-43,56,40,46,-303
4074,-94,6208,931,-2156,1122,0,52,-310
4388,188,5355,1469,-543,670,-40,49,-322
3930,843,3423,1470,905,-281,-104,15,-361
1709,783,1319,705,988,-1534,-77,-47,-390
-969,803,1005,-537,775,-1658,1,-86,-402
-2842,630,1901,-1883,49,-1206,76,-53,-400
-2929,215,4371,-2357,-58,905,117,50,-363
566,-903,6714,-699,-902,772,118,129,-290
2251,-704,5618,469,265,-164,93,143,-249
1067,-645,3921,1001,780,-908,88,141,-247
-351,271,1901,423,1002,-1605,111,129,-271
-2338,-202,1597,-1436,595,-1457,166,142,-286
-2606,-994,2646,-1876,531,-825,222,210,-254
-3920,-1251,1642,-2094,-645,56,296,256,-170
-2036,-2576,4085,-1237,-1505,133,403,209,-126
-1450,-3250,3792,-648,-1368,993,545,109,-202
-707,-3478,4051,-102,-1385,1244,626,-299,-42
-108,-3395,4250,870,-974,1148,184,-576,318
,,,,,,,,
43,-2527,3163,1704,-811,735,-179,-101,266
556,181,4032,11,-30,-35,-21,136,-359
1653,-343,4928,612,-1469,765,-42,160,-350
3136,-734,5146,885,-1351,650,-54,158,-354
3637,-269,4197,1187,152,74,-114,139,-363
2931,303,2921,1192,1003,-453,-137,89,-397
1469,817,1360,636,1345,-1360,-100,14,-435
-1404,1457,1310,-681,799,-1586,-20,-33,-439
-2929,497,2747,-1767,-107,-567,58,13,-427
-1977,-655,5949,-1454,-495,694,90,97,-395
3095,-1379,6750,-71,-1502,585,77,159,-329
2350,-489,4311,676,802,-553,38,161,-315
960,-176,2869,338,967,-1092,45,153,-323
-513,245,1988,-455,961,-1421,85,159,-347
-1833,-797,2195,-1801,687,-1474,133,185,-331
-2476,-1599,2884,-1898,1260,-507,190,272,-273
-3177,-2817,3416,-1821,-171,109,275,314,-154
-2971,-2592,2242,-813,-1004,751,391,256,-110
-1155,-3140,3894,-557,-1979,1251,525,137,-227
-900,-3464,4105,114,-1406,1368,587,-224,-182
,,,,,,,,
-683,-3499,4171,645,-1094,1242,180,-504,158
90,385,4040,-8,-84,-108,41,105,-329
-2229,-88,5480,-592,-1289,755,22,109,-330
-467,-603,5856,32,-1549,1293,8,120,-329
3029,-2234,6002,1707,-1367,580,-25,135,-332
3818,211,2799,1897,741,-296,-109,108,-375
2193,1043,881,1019,976,-1802,-119,10,-426
-573,1275,657,-654,1204,-1983,-41,-71,-430
-3901,356,1475,-2057,979,-1302,60,-36,-420
-3454,-513,4419,-2450,-15,732,155,87,-353
-539,-2077,7312,-815,-1791,984,160,163,-267
2632,-1432,5498,955,93,-151,114,166,-220
1120,-572,3422,1254,659,-1026,88,158,-246
-176,182,1955,459,920,-1637,110,141,-284
-2438,375,908,-1440,1011,-1599,160,152,-305
-2877,-1397,2713,-2230,371,-1054,222,215,-250
-3085,-2435,3528,-1855,135,-161,286,262,-129
-2917,-3388,4058,-1105,-1074,618,405,173,-77
-1478,-3173,3770,-460,-1661,1099,534,0,-150
-466,-3167,3928,-57,-1320,1228,417,-341,41
,,,,,,,,
219,-3474,4312,908,-739,1102,9,-339,298
69,-77,3966,-90,-15,-2,14,157,-311
1146,-1390,5902,650,-2139,1093,2,178,-299
3171,-1317,5247,1321,-1762,543,-20,179,-304
3902,-587,4082,1809,91,-297,-85,158,-344
2279,584,2158,1023,595,-866,-110,94,-393
961,750,1138,83,1431,-1342,-77,22,-428
-1944,744,2136,-1162,965,-1450,11,12,-427
-2616,43,3668,-1263,769,-490,88,82,-385
-3118,23,4632,-1462,-312,775,123,140,-336
728,-1214,5889,-455,-1326,759,131,176,-263
2299,-1366,5130,672,233,-268,93,177,-234
836,-403,3107,767,846,-1016,82,177,-247
-680,-52,2235,273,887,-1634,116,167,-273
-2500,-418,2076,-1041,1010,-1225,165,181,-274
-2564,-932,2853,-1484,777,-834,226,230,-223
-2908,-1804,3223,-1788,283,-326,293,252,-117
-2241,-4062,3234,-2158,102,1092,388,160,-34
-2190,-3511,4053,-594,-1229,868,527,-1,-111
-1395,-3235,3807,-189,-1547,1179,581,-225,-103
,,,,,,,,
-1331,-3179,4139,362,-979,1406,266,-439,168
471,-212,4020,46,-43,-11,-22,167,-389
1527,-705,5557,978,-1705,395,-52,165,-394
3535,-647,4999,1377,-992,-46,-61,163,-397
3396,68,3947,1328,986,-419,-113,137,-409
1855,513,2268,977,867,-1027,-108,70,-447
308,1252,781,-311,1105,-1575,-47,5,-456
-1720,-246,3013,-1096,406,-1547,28,15,-454
-2976,-25,3527,-1382,894,-418,91,97,-426
-3756,-362,4849,-1067,-457,682,140,179,-374
-134,-921,5621,-253,-957,1128,143,212,-326
1982,-676,5104,258,-111,326,113,201,-293
1469,-497,4049,440,175,-598,93,182,-300
734,-436,3326,490,696,-1344,105,174,-316
-1965,30,1723,-542,799,-1649,137,178,-330
-2058,-977,2831,-1154,656,-1307,183,234,-301
-2656,-1204,1781,-1581,536,-921,212,287,-262
-2481,-3379,4057,-1968,891,492,255,337,-177
-2743,-2676,3470,-1213,-868,618,353,293,-106
-1626,-3331,4050,-799,-1345,1146,483,173,-138
,,,,,,,,
-941,-3752,4291,363,-1001,1465,531,-172,-44
189,717,4041,-47,-12,18,11,72,-375
249,703,3970,5,-88,-21,6,60,-372
322,704,4010,-30,-41,25,0,67,-375
273,671,4029,-12,-27,-14,0,68,-370
270,576,4062,1,-26,-25,3,69,-367
309,743,3936,-25,-34,-21,-4,73,-369
212,670,4114,-36,-94,11,-15,72,-370
-884,623,6544,323,-700,541,-17,75,-372
3930,585,4431,1505,420,-88,-42,72,-379
2047,810,1158,941,1124,-1256,-50,2,-409
-284,1055,777,-586,1251,-1564,17,-51,-427
-3602,546,2055,-1772,340,-1295,97,-16,-420
-4081,-562,5044,-1396,-258,448,153,106,-377
287,-664,6408,-226,-1594,925,149,166,-317
2312,-210,5176,436,75,26,101,165,-299
952,-154,3918,504,344,-620,83,150,-312
-60,200,2238,151,758,-1270,95,143,-335
-1701,-296,2012,-1114,873,-1401,121,153,-342
-2655,-990,2788,-1655,291,-1084,178,212,-314
,,,,,,,,
-3290,-1854,4025,-1749,-186,-89,227,279,-232
522,514,4026,-68,-3,32,-26,73,-409
1254,91,5774,777,-1057,730,-41,86,-402
2646,159,4854,1311,-900,714,-51,84,-405
3561,186,3279,1203,824,-484,-83,58,-419
1739,747,878,223,2180,-1304,-56,6,-442
-3169,511,1123,-1353,1521,-1235,66,-1,-422
-3875,-466,3552,-1728,-83,277,165,82,-356
-326,-1022,6935,-528,-1519,482,161,144,-304
2731,-1046,5739,850,578,-292,120,166,-290
659,-456,2688,811,1315,-1291,116,155,-287
-2023,-94,1235,-190,1331,-1660,172,148,-290
-2947,-693,2115,-1141,220,-1219,231,184,-254
-2794,-1378,2594,-1646,42,-870,262,247,-190
-3360,-6168,3742,-1871,-800,1352,312,259,-100
-2300,-2824,2980,-1584,-470,815,385,170,-35
-1651,-3710,3768,-711,-1816,1071,411,-13,-11
-437,-3473,3854,410,-988,987,237,-193,65
-310,-2748,2804,734,-318,909,7,-68,98
-347,-1785,2522,645,7,227,6,49,36
,,,,,,,,
-1178,-1612,2622,172,291,33,32,90,-21
1148,-117,3858,-92,36,90,-98,146,-401
3750,-589,3987,1124,521,274,-114,136,-402
4072,-300,3472,1040,1108,-124,-119,128,-409
3044,-545,2149,1078,1929,-928,-108,82,-437
-914,677,624,451,2149,-2132,-7,17,-435
-4616,1102,1180,-1288,1013,-1407,138,14,-399
-4818,495,3818,-1682,-910,289,213,83,-336
902,-1323,5837,-917,-1694,1061,194,133,-298
2732,-1524,5879,507,-93,-143,132,147,-274
1367,-648,3685,866,707,-976,102,147,-285
-205,-166,1927,336,927,-1798,126,142,-299
-2391,-472,1523,-850,1427,-1712,183,165,-302
-2549,-1213,1942,-1369,1390,-1517,249,240,-237
-4613,-2306,2376,-1947,619,-714,298,296,-147
-5173,-2784,1790,-1991,208,888,377,300,-37
-2915,-4174,4064,-1500,-1721,975,465,215,-17
-1907,-4384,3533,527,-2358,1741,533,-42,-17
471,-2987,3477,1372,-1266,1772,211,-252,26
242,-1423,2804,1235,-409,535,-56,-81,-32
,,,,,,,,
-1106,-1664,2906,242,-46,431,-30,-16,-112
-94,13,4091,-62,-60,-37,44,158,-349
3158,-644,5131,1209,-926,796,8,153,-358
3172,-157,4666,1247,-102,532,-26,130,-376
3308,548,3084,1060,772,-178,-57,97,-397
1683,806,1234,291,1365,-1501,-41,44,-430
-2679,657,909,-763,1238,-1746,44,11,-431
-3793,-109,3377,-1596,158,-326,140,63,-391
-2118,-874,5546,-1634,-1214,898,166,145,-335
2003,-1444,6293,-293,-888,529,125,179,-296
2344,-1348,4980,936,805,-452,84,188,-272
768,-519,2114,869,1472,-1377,93,176,-281
-2299,-180,1086,-507,1604,-1898,166,168,-291
-3026,-1530,2424,-1596,1546,-1410,240,223,-237
-5594,-1834,1611,-1721,405,-422,312,278,-109
-2435,-4364,6791,-3163,425,1610,381,226,-6
-1868,-3683,4697,-1036,-2805,1071,468,8,1
-1846,-4147,4233,249,-2004,1416,296,-348,85
364,-3188,3904,1542,-1037,1492,-190,-187,111
355,-1193,1903,1032,-261,623,-137,40,-52
,,,,,,,,
-387,-1522,2468,-127,157,-9,-74,76,-130
-305,184,4311,-15,-44,-5,62,143,-350
1891,-1032,6072,1142,-2126,1075,46,158,-351
2944,-1112,5887,1588,-1234,857,11,150,-363
2929,121,3463,1521,122,457,-58,111,-397
3069,823,1572,1294,1092,-1018,-71,25,-435
826,1162,305,42,1852,-2057,-7,-52,-444
-3870,392,1201,-1604,1700,-2000,131,-31,-401
-4648,-489,3138,-2026,-297,-650,210,58,-349
-2641,-1299,5566,-1631,-2027,888,233,165,-275
2916,-2338,7440,96,-629,447,168,206,-211
1298,-1238,4369,1320,808,-589,122,200,-202
388,-257,1979,1205,1178,-1632,140,188,-238
-1858,-341,965,-276,1831,-2179,199,175,-256
-3381,-1133,1253,-1351,1129,-1928,268,237,-211
-4524,-2309,1460,-1865,297,-759,325,323,-92
-4981,-2860,1516,-1959,-1940,-13,391,307,39
-2789,-3868,2605,-1805,-2034,1296,534,151,-1
-1475,-4187,3361,-101,-2524,1402,533,-247,55
437,-3832,4508,1415,-1522,1860,-55,-390,194
,,,,,,,,
625,-2206,2830,2380,-568,978,-154,4,-13
-104,817,4071,-67,-44,-74,42,42,-390
3849,154,5166,755,-447,89,0,64,-396
4125,113,4895,911,614,-35,-34,58,-408
3249,9,3074,1327,1764,-458,-52,34,-428
171,333,856,867,2464,-1688,26,-31,-425
-4558,1863,-526,-816,844,-1757,180,-55,-370
-4778,444,3036,-1985,-572,-177,263,16,-304
-2172,-849,5830,-1417,-1158,780,254,99,-266
1534,-1430,6750,302,-383,251,194,130,-236
730,-520,4362,986,436,-568,158,121,-238
-267,10,2695,821,793,-1346,178,108,-260
-1847,211,1416,-48,997,-1704,223,121,-269
-2582,-476,1380,-1149,553,-1885,273,167,-241
-3208,-2157,1913,-2231,29,-1374,314,260,-180
-5511,-5680,177,-4620,2276,2468,367,320,-72
-3670,-3415,2947,-1544,-1555,1501,458,283,-16
-1955,-4081,4017,-104,-2412,2032,592,27,0
-775,-2870,3978,963,-1409,1900,189,-332,96
-90,-1906,3328,1322,-297,1054,-92,-77,12
,,,,,,,,
-654,-986,2008,255,33,415,-26,22,-81
17,204,4011,-107,-82,-18,36,105,-347
73,26,4194,-162,-115,-3,31,115,-327
9,-27,4303,-100,-10,-12,30,114,-328
-236,46,4046,-91,-165,153,27,118,-326
-434,27,4093,-112,-325,287,12,130,-316
1412,-276,4028,174,-583,274,0,127,-314
491,-36,3785,-14,109,139,-30,135,-327
600,-139,4133,-27,-121,59,-38,126,-323
690,-153,4140,8,45,-10,-41,131,-321
385,-52,4104,26,33,-22,-46,136,-325
-119,-135,4875,234,-299,153,-42,131,-328
4055,-341,7749,1880,-1143,967,-54,128,-336
3825,-1534,2702,1957,3277,-1021,-68,64,-390
621,-16,-4206,680,1789,-3840,73,-36,-411
-9651,-4243,-2728,-5462,1136,-3604,223,40,-342
-6161,-6657,9131,-1663,-3815,3594,252,251,-192
7833,-983,6821,3324,624,-316,183,184,-151
-883,-885,-601,1021,1034,-2862,138,100,-198
-3438,-1357,8,-2450,1361,-2941,206,116,-215
,,,,,,,,
-7408,-4148,3324,-2857,-207,573,297,218,-141
990,534,3850,-19,8,12,-74,74,-396
3773,-229,3556,1160,1945,-1554,-107,58,-401
2169,75,1847,1110,2236,-1850,-103,39,-407
-1041,422,-691,-267,2223,-1761,-25,0,-435
-3382,99,1878,-2180,1071,-1309,94,29,-417
-4061,-1138,4411,-1878,-208,82,182,145,-348
-1154,-1949,5699,-1167,-1470,1147,187,206,-252
2039,-1774,5774,-282,-998,778,155,189,-195
2212,-1446,4775,772,552,-476,94,162,-166
719,-1069,3117,884,1370,-1241,102,157,-188
-762,-923,1644,108,1658,-1825,164,164,-204
-2668,-1621,846,-1268,2337,-2018,243,213,-194
-5095,-2385,1081,-2229,710,-1403,326,302,-103
-6144,-3353,1446,-2228,835,750,399,358,-13
-2711,-3540,2618,-1011,-2202,582,492,347,23
-1611,-3924,3105,-600,-2245,1072,645,35,41
-1529,-4357,3151,926,-2238,1865,265,-457,59
344,-3311,3446,2887,-1326,2254,-179,-142,3
226,-622,1924,1165,-3,214,-104,-17,-105
,,,,,,,,
-2029,-800,3126,713,-1064,-1034,-36,-23,-156
830,1337,3898,27,-132,-93,-79,-87,-431
4197,157,3468,576,2325,-710,-147,-66,-430
3213,-282,2217,938,2347,-1188,-137,-64,-440
904,585,-128,623,2444,-1962,-41,-92,-456
-2170,971,609,-661,1412,-2675,137,-92,-420
-5539,-198,2402,-1982,-601,-509,253,-1,-362
-3834,-527,4410,-1225,-1607,663,278,73,-316
679,-1234,6591,350,-2173,1722,243,61,-299
2619,323,4676,407,696,647,101,-13,-338
2130,220,3582,693,770,-659,68,-44,-348
892,238,2880,1113,969,-2154,96,-50,-352
-3225,66,-389,-858,1943,-3340,187,-42,-353
-4726,-1342,775,-1702,426,-1273,329,87,-299
-4546,-2277,3429,-1648,-869,843,408,196,-255
-2771,-2484,5574,-588,-3122,1432,490,169,-237
-375,-2083,5986,924,-2302,1209,432,-136,-381
711,-1257,5013,1660,-260,1224,101,-322,-410
1226,-766,3319,1399,576,696,-55,-189,-330
198,181,1571,153,695,188,-37,-96,-334
,,,,,,,,
-411,-1322,2926,-1128,985,635,9,-69,-344
185,546,4054,-72,-42,28,-3,33,-433
3180,-505,4994,1290,-799,631,-64,61,-436
3165,-362,4613,1374,442,591,-77,60,-435
2757,111,3419,1345,1526,260,-103,37,-450
1884,932,1378,1233,1818,-1343,-52,-31,-458
-1156,1322,120,-738,1649,-2311,73,-98,-426
-4280,780,1689,-1663,460,-1138,191,-47,-392
-4217,-660,4886,-1848,-1524,898,241,40,-338
375,-1085,6474,-225,-1144,1126,204,53,-323
1825,-235,4884,742,328,48,119,41,-337
1313,-304,3901,1173,693,-1254,116,15,-340
-736,236,1832,338,1165,-2118,156,4,-344
-3717,-5,230,-1433,597,-2238,247,56,-322
-3867,-1382,1519,-1755,811,-1060,321,158,-272
-4557,-2510,2531,-1319,799,818,400,221,-200
-3308,-2489,4230,-1523,-3694,688,487,174,-139
-687,-2991,5194,625,-2836,978,444,-96,-265
617,-1890,4659,1452,-1136,875,109,-258,-385
843,-1342,3210,1314,266,637,-76,-128,-345
,,,,,,,,
542,-503,1637,401,614,192,-43,-38,-355
-251,287,4128,-1,-10,-21,63,18,-426
2913,-457,5014,816,-1021,420,-17,37,-441
3269,-135,4332,1042,-22,145,-46,31,-455
2834,210,2837,937,1063,-554,-70,11,-463
988,526,1704,794,1488,-1526,-30,-30,-470
-2159,1299,1273,-349,1425,-1513,76,-65,-446
-3660,612,2776,-1643,-358,-667,177,-39,-409
-2679,-223,4674,-1360,-965,231,200,22,-384
439,-876,6093,-464,-937,441,165,63,-378
1396,-662,5163,503,457,4,114,63,-378
643,-425,3854,799,876,-536,105,63,-378
-579,457,2473,543,1274,-1274,151,45,-381
-2136,344,1081,-777,1753,-2758,228,57,-355
-2765,-1359,2078,-758,855,-1743,312,149,-287
-4007,-2576,2248,-1641,151,-492,374,243,-204
-4295,-3367,2581,-1867,-1131,360,431,277,-141
-2996,-4665,4629,-1018,-2778,897,501,201,-151
-740,-3334,3776,596,-2139,1189,383,-22,-341
280,-2293,4197,860,-533,1048,119,-24,-414
,,,,,,,,
-263,-2890,3128,460,768,1119,56,35,-390
283,575,4072,-7,-17,-11,22,13,-413
3216,-59,5085,1388,-979,566,-43,33,-425
3898,544,4015,1492,-1,604,-82,28,-431
3354,385,3263,1015,1740,112,-125,-7,-448
1363,548,1539,867,1831,-1215,-57,-62,-463
-1363,1786,1063,28,1104,-1516,65,-104,-453
-2896,1130,1453,-1088,244,-1639,163,-86,-414
-4076,283,3443,-1920,-620,-114,215,-7,-387
-1671,-1145,6026,-757,-1492,840,202,60,-364
2123,-672,5772,375,-900,315,132,67,-366
1750,213,4334,438,397,-413,83,53,-376
511,203,3096,123,954,-988,89,41,-392
-1316,86,1755,-466,813,-1474,137,60,-400
-1424,-336,2195,-1515,1156,-1214,198,113,-372
-3962,-2546,2138,-1525,143,-386,272,199,-329
-3317,-2440,3311,-1478,-458,770,346,246,-290
-2658,-3100,4698,-1494,-2228,1114,438,200,-277
-387,-3212,4411,393,-2350,1204,409,-64,-402
917,-2359,4583,1089,-1181,1083,36,-246,-458
,,,,,,,,
1448,-1749,3469,1374,121,664,-138,-71,-393
-483,490,3954,46,25,-9,74,29,-410
757,-1052,5744,483,-2061,995,51,57,-416
2022,-985,5265,989,-1557,633,39,64,-418
2693,-5,4163,1382,92,544,-34,49,-447
3155,488,2484,1221,1391,-635,-59,-13,-470
516,1519,396,503,1895,-2032,16,-76,-467
-4205,994,409,-1509,1315,-2207,161,-89,-415
-4942,-868,2776,-2166,-393,-254,254,6,-359
-2669,-1934,5214,-1525,-1371,730,263,78,-312
1524,-1901,6793,133,-625,412,207,80,-300
609,-1049,4734,997,882,-334,157,77,-308
-431,-481,2878,1260,773,-1216,193,65,-308
-1675,461,451,125,648,-2433,249,65,-288
-3048,-1451,1189,-999,918,-1795,314,142,-270
-4293,-2556,1844,-1519,-188,-406,383,230,-206
-3842,-3187,3721,-1663,-864,801,444,254,-173
-1991,-3997,4662,-318,-2931,640,580,122,-185
-960,-2921,4647,648,-2220,1170,419,-200,-439
-38,-2431,3853,976,-975,1341,-1,-263,-472
,,,,,,,,
796,-1696,4046,1444,434,1116,-88,-32,-387
1248,162,3861,-23,0,-13,-122,58,-443
3694,-795,4282,753,-790,-20,-169,67,-434
4123,-437,3701,918,-147,-305,-196,65,-434
4218,229,2569,1076,1581,-687,-222,57,-438
1147,829,1079,373,2066,-1607,-153,-3,-473
-1084,756,1940,-827,1433,-1260,-12,-29,-474
-3204,485,3146,-1598,301,-633,94,12,-452
-3182,-767,4121,-1610,-814,303,144,62,-415
638,-1344,5479,-495,-1209,736,143,94,-381
3297,-1110,5518,391,-66,8,86,89,-358
1508,-966,3798,547,863,-670,58,84,-362
282,-425,2608,496,1129,-1482,87,87,-364
-2511,-56,1308,-581,1078,-1879,159,103,-369
-2877,-1527,2563,-1531,231,-1419,234,168,-347
-2466,-2365,3461,-1338,-144,-539,280,252,-320
-2493,-3683,3980,-1048,-708,608,341,299,-314
-2302,-2923,3673,-149,-2528,846,424,274,-332
47,-2390,4083,995,-1950,1261,347,26,-469
1972,-3049,5059,2424,-1442,1578,-11,-178,-502
,,,,,,,,
2171,-1358,3573,2306,691,930,-164,-92,-425
161,-154,4144,10,53,-26,21,108,-431
479,-879,4762,615,-1283,490,4,121,-434
1273,-685,4175,997,-1168,193,-12,117,-434
3344,-152,4376,1451,-310,84,-69,104,-447
2859,740,2501,1207,1493,-898,-92,41,-465
644,1234,1595,134,1679,-1591,-16,-16,-472
-3412,935,863,-1814,1507,-1325,101,-22,-443
-3719,-738,3325,-1820,-635,-69,182,59,-401
-1632,-1575,4894,-1284,-1850,690,183,101,-367
2160,-1820,5801,-127,-960,683,124,120,-344
2139,-1238,5062,612,438,-166,57,96,-337
1032,-809,3686,728,1036,-906,48,83,-339
-444,55,1796,247,1353,-1681,102,83,-352
-1719,-988,1927,-1330,589,-1899,186,114,-339
-3362,-2068,2379,-1231,883,-1107,253,194,-314
-4597,-3522,3185,-1325,-458,656,337,262,-274
-3086,-3026,3903,-649,-1598,1475,437,245,-263
444,-3605,5126,454,-3079,1019,441,-60,-388
842,-2741,4518,1931,-985,1265,28,-299,-509
,,,,,,,,
1335,-1607,4123,1736,393,1010,-170,-92,-403
560,421,4024,59,-227,-83,4,2,-434
3276,195,4723,1378,533,-553,-41,-14,-449
2675,263,3709,1134,1056,-975,-42,-25,-449
980,388,1763,853,1432,-1636,-14,-62,-458
-1457,1364,342,-693,1504,-1819,97,-91,-439
-3623,404,1874,-1829,-707,-674,199,-39,-397
-4098,-882,2849,-1592,-430,939,218,47,-374
-1113,-1541,5398,-466,-1826,1540,191,70,-335
2263,-1131,5372,534,-693,757,105,31,-330
2370,-1402,5015,1035,97,-825,42,9,-347
1831,-133,3175,1373,961,-1943,60,5,-358
-548,626,662,-286,1215,-3282,139,-3,-372
-2811,-1572,1946,-1683,178,-2369,227,91,-351
-2599,-3921,1645,-4910,3326,29,282,203,-321
-3132,-3821,3025,-1486,-2736,-340,397,327,-160
-3590,-4344,3901,872,-2885,1790,448,356,-189
-1137,-3754,3950,1087,-2443,2630,561,47,-257
1207,-2977,3914,1708,-953,1840,230,-288,-309
540,-1282,2336,1044,-112,765,-17,-150,-309
,,,,,,,,
-1391,-2296,2660,-131,-428,565,6,-67,-336
164,319,3938,34,9,-87,13,19,-445
2724,-97,5860,1699,82,-156,-7,6,-448
2897,34,4765,1743,981,-291,-16,3,-455
2387,292,1608,1348,1601,-1373,-11,-42,-462
-801,1153,949,-1012,664,-2021,84,-96,-452
-3405,581,1666,-1467,-319,-1402,166,-60,-428
-4013,-468,4090,-1646,-1018,188,201,18,-403
116,-1701,7608,-139,-1039,1046,184,68,-388
2483,-123,4686,882,409,262,125,53,-386
2163,192,3548,772,803,-1179,111,25,-393
-644,455,1872,135,1371,-2038,150,19,-404
-3341,-726,944,-1615,434,-2180,230,68,-387
-3712,-1817,1572,-1495,-654,-889,278,197,-357
-2684,-4326,2803,-4883,5583,-940,310,289,-316
-1080,-4392,2310,-3324,-2424,1573,415,391,-164
-1329,-3157,3876,86,-2030,2013,491,333,-238
-896,-2809,4328,751,-2016,2114,415,7,-407
622,-2108,4252,1385,-1808,1602,119,-120,-461
1464,-1450,3996,1329,-1154,264,-17,-59,-435
,,,,,,,,
639,-591,3965,1268,550,393,-61,-11,-425
1119,-104,4114,149,-9,0,-92,67,-461
-394,1354,-797,224,1654,-2475,-52,-27,-466
-1441,1084,263,-1026,1432,-2070,15,-51,-464
-3688,470,2074,-1545,1105,-727,112,-24,-456
-3991,-230,3827,-1546,-316,883,177,39,-415
223,-1330,6579,-517,-1432,861,181,70,-377
1986,-907,5276,542,21,172,115,47,-371
1454,-153,3561,1027,1458,-961,98,39,-379
-1288,542,1990,877,2154,-1855,143,34,-387
-2047,110,1228,-358,-328,-2452,248,47,-360
-2120,-587,2530,-930,-254,-1661,286,128,-334
-2740,-1969,3353,-1420,-422,-515,301,220,-319
-2535,-2242,3709,-1103,-603,331,325,284,-285
-1840,-2413,3589,-989,-1012,829,363,288,-278
-1793,-3120,4708,-44,-1419,1386,436,225,-284
-234,-2724,4782,1379,-2797,2889,408,-50,-290
1103,-1594,3994,1886,-1205,886,91,-216,-271
1451,-552,3388,1151,-344,345,-49,-121,-299
672,79,2718,522,392,219,-66,-73,-353
,,,,,,,,
-597,-1093,3819,-99,886,702,-45,-60,-383
809,178,3974,15,-30,6,-26,75,-411
2522,-1251,5498,839,-1396,238,-100,79,-403
3539,-1217,5353,1474,-436,160,-118,78,-403
4397,364,2846,1840,1960,-200,-172,56,-405
1734,868,1020,1140,2377,-1769,-120,-41,-444
-513,1638,981,-381,1149,-2210,21,-108,-450
-4648,449,2623,-1242,720,-752,138,-70,-420
-2727,117,4811,-1260,-1792,1078,201,7,-370
1557,-673,6253,-165,-1184,1007,141,31,-347
2551,-385,4637,255,-357,54,71,24,-344
1914,-350,4425,788,952,-799,45,16,-356
132,406,1959,498,2013,-1530,88,5,-373
-2346,329,434,-710,2707,-1680,202,20,-355
-2688,-996,1117,-1747,2234,-1876,337,84,-245
-6232,-1883,715,-1961,1094,-1342,420,150,-104
-4644,-2965,2116,-1962,-1797,-307,474,169,6
-3521,-3839,3184,-893,-2870,424,587,128,22
-1229,-3937,4063,647,-3140,689,476,-339,-136
1288,-3133,4152,2577,-1684,636,-93,-332,-213
,,,,,,,,
-371,-2156,3085,3193,-828,-165,-99,-58,-296
78,1474,3948,24,-115,41,31,-126,-421
3771,333,6619,492,-830,423,-8,-117,-434
3626,49,6251,1168,465,-51,-19,-117,-443
3009,690,2315,1803,1787,-1041,-49,-127,-444
881,1854,-1013,534,1513,-2269,38,-201,-424
-4878,748,845,-1513,68,-1109,168,-206,-386
-4708,-237,5152,-2164,-112,517,242,-109,-365
-291,-258,6589,-831,-1871,1548,243,-30,-335
2041,-554,6637,174,-317,739,171,-28,-330
1703,200,4448,1013,556,-650,117,-52,-327
683,653,2264,932,1685,-2110,139,-65,-326
-2853,-157,920,-846,829,-2889,241,-38,-302
-3859,-1291,1803,-1874,680,-1262,334,68,-254
-4767,-1714,2123,-2529,-169,-226,404,143,-192
-3085,-3275,7168,-2033,-947,630,453,151,-156
-2944,-2798,4037,-812,-1052,1465,556,108,-195
-2071,-3459,4433,329,-756,1790,535,-261,-120
-1364,-2393,4343,878,-896,1653,118,-453,-53
-432,-1420,3047,980,358,1374,-69,-132,-156
,,,,,,,,
-41,-388,2002,27,-925,62,41,-47,-232
663,115,3929,48,37,-37,-47,74,-392
2009,-282,4769,463,-927,673,-67,87,-386
3059,-238,4652,475,-420,569,-84,85,-389
3112,-175,4214,604,807,224,-111,87,-394
2207,-64,2201,857,1311,-761,-93,59,-440
431,798,1799,513,1339,-1226,-25,11,-457
-3359,1439,1313,-733,869,-1333,76,-4,-439
-2563,81,3414,-1641,-188,-401,134,27,-409
-2652,-571,3982,-2206,354,858,151,91,-344
803,-2023,6072,-308,-1016,311,144,117,-264
1682,-1249,5516,745,7,9,106,109,-211
791,-936,4031,1255,770,-660,94,97,-229
0,-276,2988,1222,787,-1026,129,92,-269
-887,538,1865,76,987,-1599,179,82,-291
-2396,-593,2058,-1331,610,-1945,245,112,-282
-3531,-1542,1753,-1738,-635,-835,306,196,-232
-3026,-3563,3912,-2220,-944,650,365,222,-195
-2066,-3270,4965,-845,-1317,1333,472,196,-273
-721,-2796,4042,-457,-1069,1447,645,-69,-245
,,,,,,,,
-671,-3156,4434,536,-574,1495,336,-545,-35
1234,325,3753,-38,-85,-119,-115,45,-383
4333,-1371,4750,1168,157,203,-144,81,-373
4337,-885,3807,1625,1517,360,-179,73,-369
3676,424,1902,1945,2287,-662,-174,44,-403
637,1706,69,253,2030,-1761,-73,-52,-451
-1499,204,2201,-1049,1885,-1779,73,-79,-444
-4376,301,1658,-2057,802,-1269,193,-5,-389
-4399,-1155,4213,-2080,-788,94,254,97,-298
-754,-2042,6321,-533,-1321,1246,235,133,-223
1570,-1060,5716,869,-253,464,172,95,-190
1110,-750,4725,1939,502,-553,151,80,-222
-397,297,1867,1279,838,-1218,197,57,-266
-1683,167,1010,-504,507,-2165,241,51,-287
-2584,-842,2168,-1853,-296,-1952,290,103,-270
-3502,-2465,2774,-2491,-674,-698,325,203,-229
-4389,-3186,3504,-1276,-1278,99,390,242,-196
-2344,-3816,4575,-116,-1342,1442,505,267,-247
-1326,-3156,4122,69,-973,1821,657,-14,-178
-546,-3086,4356,778,-485,1799,304,-422,-31
,,,,,,,,
-70,-2231,3484,1394,459,1345,-54,-150,-49
1373,645,3861,-23,-8,-15,-88,-15,-391
3955,445,2932,1344,1448,-99,-145,-35,-399
4066,477,2397,1385,1556,-563,-150,-50,-404
3247,607,956,1157,1779,-2436,-117,-115,-434
-2068,993,-647,-996,1558,-3197,30,-181,-423
-4790,757,1596,-1826,878,-1208,197,-123,-380
-4913,-324,4558,-2489,-121,827,272,-2,-297
405,-1829,8731,706,-2750,475,260,39,-237
2037,406,4968,1243,829,194,175,2,-246
371,397,2748,1206,623,-1186,171,-40,-276
-1169,1143,475,-282,1476,-2114,227,-55,-283
-2966,-669,1415,-2703,632,-2492,320,9,-250
-3989,-1629,1938,-2402,-265,-1011,386,120,-172
-3667,-2666,3139,-2126,-641,389,439,152,-139
-2428,-2775,3212,-926,-955,874,542,144,-187
-2045,-3515,3912,-224,-1050,1084,682,-112,-147
-1318,-3475,3651,315,-719,1271,468,-531,-100
-1079,-2791,3464,772,-736,1045,-38,-498,32
-310,-1950,3066,1050,-176,655,-129,-108,-85
,,,,,,,,
-1102,-1306,2210,813,65,322,-52,-17,-138
727,1318,3574,54,17,25,-24,-123,-355
4771,1438,4747,1686,1598,-1320,-62,-114,-378
2772,438,3082,1163,2691,-1383,-58,-132,-390
1136,-549,-873,1138,1494,-2777,10,-160,-402
-2778,388,-2001,-2460,2129,-3742,172,-176,-385
-7335,-1034,2780,-1993,-366,316,329,14,-290
-1818,-630,6531,-816,-1023,1257,324,65,-242
1436,155,6711,682,-545,515,268,46,-236
539,476,3937,1125,327,-709,222,25,-262
-66,277,1918,688,1308,-1884,247,10,-289
-3403,-777,404,-1086,1427,-2675,310,32,-271
-3631,-1351,1266,-1547,757,-1961,389,147,-176
-5219,-2589,1661,-1849,183,-564,429,237,-64
-3860,-3183,2691,-1547,-1071,627,495,238,29
-2739,-2601,3055,-872,-1175,989,578,100,110
-2655,-2717,3184,-508,-875,1173,478,-220,96
-2403,-2308,2586,143,-1025,1246,210,-343,-5
-909,-1462,3045,479,-705,749,45,-162,-173
-1586,-1666,3118,466,-406,812,59,-78,-228
,,,,,,,,
-3048,-859,3163,1703,155,1190,77,-61,-257
700,1153,4009,-93,16,42,-35,-52,-415
3555,555,3816,628,1288,-255,-68,-50,-431
3085,718,2892,653,1519,-641,-80,-54,-438
1342,923,1483,205,1624,-1082,-45,-85,-448
-1715,1235,1338,-528,1161,-1704,58,-102,-443
-3411,960,2444,-1710,551,-397,155,-56,-414
-3074,321,4390,-1674,-145,552,212,22,-366
-772,-908,5492,-442,-1532,939,198,67,-317
2028,-644,5455,277,-602,479,137,66,-309
1714,-282,4625,569,327,-523,97,60,-314
503,-116,3461,674,723,-1126,103,47,-328
-350,410,1908,-25,864,-1968,141,47,-345
-2724,-132,1370,-1582,771,-1695,217,64,-333
-3059,-1417,2772,-1729,240,-362,275,144,-267
-2658,-2028,3511,-1269,-344,101,319,159,-198
-3839,-2487,2940,-807,-914,659,400,72,-154
-2050,-2927,4659,-369,-769,1081,485,-113,-125
-1247,-2745,4161,625,-484,1622,328,-408,5
-884,-1909,3631,845,-191,1397,-75,-282,66
